name,team,position,age,gamesPlayed,mpg,min%,usg%,to%,fta,ft%,2pa,2p%,3pa,3p%,efg%,ts%,ppg,rpg,trb%,apg,ast%,spg,bpg,topg,vi,ortg,drtg
Precious Achiuwa,Tor,F,23.38,30,22.3,46.5,20,11.4,87,0.701,179,0.564,62,0.242,0.512,0.551,10.3,6.4,16.3,1,6.8,0.63,0.7,1.2,7.2,112.9,107.4
Steven Adams,Mem,C,29.55,42,27,56.2,14.3,19.8,129,0.364,262,0.599,1,0,0.597,0.564,8.6,11.5,22.4,2.3,11.2,0.86,1.1,1.88,9,116.7,102.5
Bam Adebayo,Mia,C-F,25.55,49,35.2,73.2,26,12.2,263,0.795,768,0.547,10,0.1,0.542,0.589,21.5,10,16.3,3.2,16,1.18,0.8,2.53,10,115.8,103.5
Ochai Agbaji,Uta,G,22.8,31,13.3,27.8,11.7,7.8,16,0.625,41,0.634,58,0.397,0.611,0.618,4.2,1.6,6.8,0.5,4.5,0.13,0.13,0.29,4.5,125.3,111.7
Santi Aldama,Mem,F-C,22.07,49,22,45.7,15.6,8.3,93,0.72,164,0.598,173,0.376,0.58,0.606,9.3,4.7,11.2,1.2,7.2,0.67,0.67,0.69,6.8,123.8,104.4
Nickeil Alexander-Walker,Uta,G,24.43,36,14.7,30.5,18.5,19.4,39,0.692,83,0.578,87,0.402,0.591,0.609,6.3,1.6,6.1,2.1,20.1,0.67,0.39,1.25,7.5,111.5,107.9
Grayson Allen,Mil,G,27.33,49,27.5,57.2,14.7,11.2,98,0.898,143,0.517,234,0.406,0.574,0.62,10.6,3.5,6.5,2.6,12.7,0.88,0.2,1.08,6.7,125.3,109.2
Jarrett Allen,Cle,C,24.8,47,33.1,69,16.4,12.5,157,0.713,421,0.648,8,0.125,0.64,0.664,14.1,9.7,17.3,1.7,7.6,0.85,1.19,1.51,7.4,129.5,104.6
Jose Alvarado,Nor,G,24.82,53,21.9,45.6,19.9,13.4,80,0.813,215,0.484,223,0.341,0.498,0.529,9.5,2.5,6.3,3.1,20,1.13,0.17,1.38,7.7,107.3,106.1
Kyle Anderson,Min,F-G,29.38,44,26.5,55.3,13.7,16.6,92,0.75,209,0.517,62,0.435,0.548,0.588,8.3,4.7,10,4.1,20,1.16,0.89,1.41,8.2,118.9,107.4
Giannis Antetokounmpo,Mil,F,28.17,42,33.6,69.9,39,12.9,559,0.644,766,0.585,130,0.269,0.559,0.596,32.4,12.4,19.1,5.3,30.5,0.79,0.81,4.02,15.3,115.4,99.3
Thanasis Antetokounmpo,Mil,F,30.55,22,4.2,8.7,12.2,26.3,6,0.5,13,0.308,4,0,0.235,0.28,0.5,1,12.4,0.2,5.3,0.09,0.14,0.32,4.4,67.2,102.4
Cole Anthony,Orl,G,22.73,35,25.5,53.1,21,12.5,107,0.888,214,0.495,118,0.339,0.5,0.563,12.2,4.7,10.4,4,23.7,0.66,0.54,1.54,9.6,115.6,106.6
O.G. Anunoby,Tor,F,25.56,45,35.8,74.6,20.5,12.7,134,0.821,382,0.513,235,0.366,0.527,0.562,16.9,5.5,8.7,2,8.3,2.07,0.78,2.18,6.4,108.8,109
Ryan Arcidiacono,Nyk,G,28.87,11,2.4,5,9.7,16.7,0,0,2,0,3,0.333,0.3,0.3,0.3,0.4,8.2,0.2,9.4,0.18,0,0.09,4.8,N/A,N/A
Deni Avdija,Was,F,22.09,50,26.1,54.4,16.2,14.8,112,0.741,215,0.526,151,0.291,0.489,0.531,8.8,6.2,13.1,2.5,12.8,0.88,0.52,1.44,7.9,107,103.4
Deandre Ayton,Pho,C,24.54,46,29.9,62.4,24.1,12,137,0.715,601,0.591,23,0.304,0.586,0.606,18,10.2,19,2.1,12,0.46,0.67,2.02,9.7,116.6,104.4
Udoka Azubuike,Uta,C-F,23.39,18,3.9,8.2,14,16.9,6,0.333,17,0.824,0,0,0.824,0.764,1.7,1.5,20.9,0.3,10.4,0.11,0.22,0.22,9.4,N/A,N/A
Marvin Bagley III,Det,F,23.9,25,21.3,44.4,19.5,8.9,52,0.769,168,0.589,33,0.273,0.56,0.592,10.6,5.9,15.4,0.6,4.2,0.52,0.72,0.88,6.3,119.3,110.7
Patrick Baldwin Jr.,Gol,F,20.22,15,8.5,17.6,23.6,9.8,6,0.667,13,0.385,49,0.449,0.613,0.619,5.3,1.4,9,0.2,3.5,0.4,0.07,0.47,5.4,105.2,110.9
LaMelo Ball,Cha,G,21.46,27,34.8,72.6,30,13.3,96,0.875,257,0.447,289,0.353,0.491,0.527,23,5.9,8.9,8.2,37.3,1.3,0.41,3.33,11.9,108,108.7
Mo Bamba,Orl,C,24.74,40,17,35.5,16.4,8.5,51,0.686,106,0.594,108,0.398,0.596,0.613,7.3,4.6,15.4,1.1,9.1,0.3,0.95,0.55,7.8,125.5,103.2
Paolo Banchero,Orl,F,20.23,46,33.7,70.3,27.8,12.9,357,0.754,515,0.47,198,0.303,0.466,0.536,20.3,6.5,11,3.7,17,1.02,0.48,2.8,9.3,105.9,109.8
Desmond Bane,Mem,G,24.62,30,30.9,64.4,26.7,11,116,0.897,275,0.48,215,0.433,0.554,0.598,21.6,4.8,8.1,4,19.8,0.8,0.3,2.23,9.7,118.2,106.6
Dalano Banton,Tor,F,23.25,24,9.7,20.2,23.3,11,17,0.824,62,0.5,44,0.295,0.476,0.507,4.8,1.4,8,1.2,18.1,0.5,0.5,0.58,8.3,106.1,105.8
Dominick Barlow,San,F,19.7,5,6.5,13.6,16.2,7.8,4,1,6,0.833,4,0,0.5,0.595,2.8,1.2,10.3,0.8,16.4,0.2,0,0.2,8.6,130.9,104.8
Harrison Barnes,Sac,F,30.69,51,32.8,68.4,17.3,9.3,261,0.824,263,0.563,234,0.389,0.572,0.641,15.4,4.8,8.3,1.7,6.8,0.82,0.12,1.24,6.1,125.3,113.6
Scottie Barnes,Tor,F,21.52,51,35,72.9,20.4,11.9,169,0.775,525,0.505,154,0.299,0.492,0.53,15.7,7.2,11.6,4.9,20.6,1.02,0.86,2,9.4,114.2,112.6
RJ Barrett,Nyk,F-G,22.64,48,34.9,72.7,25.9,10.8,263,0.753,529,0.486,263,0.327,0.487,0.534,20.2,5.4,8.3,2.8,12.6,0.48,0.17,2.29,7.7,107.7,111
Will Barton,Was,G,32.08,38,19.7,41.1,19,12.8,41,0.805,138,0.384,131,0.374,0.47,0.498,7.5,2.7,7.6,2.5,17.3,0.42,0.26,1.11,7.5,101.4,113
Charles Bassey,San,C-F,22.27,24,13.6,28.4,13.8,25.8,24,0.667,64,0.703,6,0.333,0.686,0.695,4.7,5.2,21.4,1.2,11.7,0.33,0.92,1.17,9.1,120.5,105
Keita Bates-Diop,San,F,27.04,39,18.7,38.9,16.1,9.2,60,0.783,169,0.55,62,0.355,0.545,0.581,7.7,3.2,9.4,0.9,6.7,0.72,0.21,0.67,6,117.9,119.4
Nicolas Batum,Lac,G-F,34.14,53,21.9,45.7,11.8,11.8,38,0.658,48,0.542,211,0.393,0.581,0.591,6.2,4.2,10.6,1.5,9,0.6,0.72,0.7,6.2,119.2,105.5
Darius Bazley,Okc,F-G,22.65,35,15.6,32.5,15.8,10.2,65,0.554,113,0.469,44,0.386,0.5,0.52,5.5,3.5,11.9,0.9,7.6,0.51,0.83,0.6,6.6,108.4,109.6
Bradley Beal,Was,G,29.61,31,32.8,68.4,27.8,12.4,141,0.851,372,0.57,137,0.365,0.564,0.608,22.4,3.5,5.8,5.1,25.3,0.81,0.61,2.61,9,116.9,113.6
Malik Beasley,Uta,G,26.19,54,26.8,55.8,21.4,7.9,44,0.841,196,0.49,464,0.358,0.523,0.535,13.5,3.5,7.2,1.7,9.2,0.8,0.15,1.07,6.4,107.8,114.8
MarJon Beauchamp,Mil,F,22.32,34,14.9,31,18.8,14.5,25,0.72,76,0.5,107,0.327,0.495,0.513,5.9,2.4,8.3,0.7,6.4,0.44,0.06,0.97,5.8,99.9,104.3
Davis Bertans,Dal,F,30.23,34,10.6,22.1,15.8,7.2,12,0.833,14,0.714,97,0.381,0.59,0.606,4.1,0.9,5.2,0.4,5,0.21,0.09,0.26,4.3,115.8,108.8
Patrick Beverley,Lal,G,34.57,44,27,56.2,10.6,13.1,48,0.792,83,0.506,155,0.342,0.511,0.542,6.4,3.2,6.3,2.6,11.8,0.91,0.57,0.89,5.6,111.9,107.9
Saddiq Bey,Det,F,23.83,50,28.9,60.3,21.2,7.3,202,0.856,301,0.465,284,0.349,0.493,0.556,15,4.6,8.8,1.6,8.4,0.96,0.2,1.06,6.6,115.2,116.2
Khem Birch,Tor,C,30.35,20,8.1,16.9,11.1,19,5,0.8,30,0.6,2,0.5,0.609,0.629,2.2,1.3,8.7,0.4,5.9,0.25,0.25,0.4,5.2,113.2,103.5
Goga Bitadze,Ind,C-F,23.55,21,9.6,20.1,15.4,16.1,24,0.458,38,0.605,14,0.286,0.558,0.551,3.3,2.3,13.3,0.9,12.3,0.43,0.48,0.57,7.9,115.1,101.5
Bismack Biyombo,Pho,C,30.44,43,14.2,29.5,13.7,20.5,49,0.327,134,0.56,0,0,0.56,0.534,3.9,4.1,16.1,1,9.2,0.3,1.33,0.93,7.1,101.4,100.2
Buddy Boeheim,Det,F,23.24,1,1,2.1,0,N/A,0,0,0,0,0,0,N/A,N/A,0,0,0,0,0,0,0,0,0,N/A,N/A
Bojan Bogdanovic,Det,F,33.8,51,31.7,66.1,25.7,11.8,259,0.876,446,0.536,308,0.419,0.574,0.629,21.4,3.6,6.3,2.6,13.8,0.63,0.1,2.27,7.4,118.3,117.6
Bogdan Bogdanovic,Atl,G,30.47,29,30.3,63.2,20.9,8.8,41,0.78,164,0.506,214,0.369,0.533,0.549,15,3.4,6.1,3.2,14.4,0.86,0.31,1.31,7.2,110,113.8
Bol Bol,Orl,C-F,23.22,48,24.1,50.1,18.8,17.9,88,0.739,296,0.642,78,0.333,0.612,0.634,10.9,6.5,15.3,0.9,5.5,0.48,1.46,1.88,6.6,109,110.2
Leandro Bolmaro,Uta,F,22.4,13,5,10.4,16.3,28,0,0,14,0.214,4,0,0.167,0.167,0.5,0.4,4.2,0.5,13.1,0.15,0.08,0.54,3.7,50.8,109.2
Devin Booker,Pho,G,26.27,29,34.5,72,31.7,9.4,180,0.85,412,0.524,181,0.37,0.534,0.585,27.1,4.6,7.4,5.6,27.9,0.9,0.38,2.41,10.3,117.8,109.7
Brandon Boston Jr.,Lac,G,21.19,19,11.5,23.9,26.9,8.2,34,0.765,80,0.388,28,0.393,0.44,0.492,6.4,1.4,6.8,1,13.7,0.42,0,0.58,7.2,102.8,107.8
Chris Boucher,Tor,F-C,30.07,48,20.5,42.6,18.2,5.2,127,0.732,220,0.573,122,0.311,0.535,0.577,9.6,5.7,15.8,0.4,3.1,0.69,0.77,0.46,5.5,125.7,107.5
James Bouknight,Cha,G,22.38,26,13.6,28.3,17.7,12.6,22,0.682,58,0.414,64,0.25,0.393,0.421,4.3,2,7.6,1.1,10.6,0.5,0.15,0.73,6.2,86.7,111.1
Tony Bradley,Chi,C-F,25.08,10,2.6,5.5,16.4,10.1,2,1,4,0.5,4,0.5,0.625,0.676,1.2,1,21.3,0.1,5.2,0.1,0,0.1,7.6,N/A,N/A
Malaki Branham,San,F,19.74,39,20.4,42.5,17.3,11.7,35,0.8,149,0.564,129,0.295,0.507,0.528,7.9,1.7,4.8,1.8,12.1,0.49,0.1,1,5.7,104.5,118.9
Christian Braun,Den,G,21.81,48,14.2,29.7,12.2,10.4,27,0.593,106,0.519,54,0.352,0.522,0.532,3.8,2.2,9,0.6,5.7,0.38,0.21,0.42,4.8,110.6,110.1
Mikal Bridges,Pho,F,26.43,55,36.4,75.9,19.2,8.6,171,0.895,491,0.503,255,0.388,0.53,0.575,17.2,4.3,6.5,3.6,14.5,1.18,0.82,1.4,7.1,118.8,112.2
Oshae Brissett,Ind,F-G,24.63,47,16.2,33.7,14.8,7.8,86,0.698,98,0.459,114,0.333,0.481,0.528,5.6,3.4,11.5,0.5,4.4,0.6,0.17,0.45,5.2,111.5,110.1
Malcolm Brogdon,Bos,G,30.15,45,24.8,51.7,23.2,11.8,126,0.881,274,0.5,196,0.444,0.569,0.615,14.4,4.3,9.4,3.7,22.5,0.62,0.27,1.56,9.9,121.5,108.7
Dillon Brooks,Mem,G-F,27.04,48,30.6,63.7,23,9.1,116,0.784,418,0.45,284,0.313,0.458,0.487,15.3,3.4,5.8,2.6,12,0.83,0.17,1.56,6.7,102,104.8
Greg Brown III,Por,F,21.43,15,6,12.4,18.2,16.1,12,0.417,20,0.5,6,0.167,0.442,0.448,1.9,1.2,11.7,0.1,1.5,0.27,0.33,0.4,4.1,80.1,101.1
Troy Brown Jr.,Lal,G-F,23.53,48,24.1,50.3,12.2,9.9,25,0.96,121,0.537,169,0.349,0.529,0.55,6.9,4.2,9.3,1,5.3,0.75,0.17,0.69,5.1,110.3,111.2
Bruce Brown,Den,G-F,26.48,52,28.7,59.8,17.1,14.8,76,0.711,289,0.543,179,0.397,0.563,0.579,11.2,4.1,8.2,3.6,16.4,1.1,0.67,1.67,7.6,113.1,109
Jaylen Brown,Bos,G-F,26.28,47,35.9,74.9,31.5,11.8,262,0.779,600,0.583,362,0.334,0.552,0.588,27,7.1,10.8,3.2,15.5,1.13,0.47,3.06,9.5,110.3,106.1
Kendall Brown,Ind,G,19.74,6,6.7,14,10.2,20.2,2,0.5,6,0.667,1,0,0.571,0.571,1.5,1,8.1,0.5,9.9,0.67,0,0.33,5.4,109.1,93.2
Moses Brown,Lac,C,23.32,34,8.5,17.6,21.5,9.9,72,0.458,96,0.635,0,0,0.635,0.607,4.6,4.1,26.7,0.1,2.3,0.09,0.41,0.41,5.8,125.4,98.9
Sterling Brown,Lal,G-F,27.99,4,6.1,12.7,6.9,0,0,0,2,0,2,0,0,0,0,2,17.5,0.5,9.2,0.75,0,0,0,76.7,93.6
Jalen Brunson,Nyk,G,26.43,50,34.7,72.3,27.1,9.3,275,0.851,654,0.498,225,0.404,0.526,0.58,23.2,3.5,5.4,6.2,29.6,0.94,0.28,2.06,9.2,122.3,111.9
Thomas Bryant,Lal,C-F,25.52,40,21.4,44.6,18.4,7.5,108,0.741,249,0.695,49,0.449,0.691,0.712,12.3,6.9,17.1,0.7,5,0.35,0.55,0.7,7.3,138.2,106.2
Reggie Bullock,Dal,G-F,31.89,52,29.7,61.9,9.6,7.1,31,0.645,47,0.532,242,0.364,0.543,0.552,6.4,3.5,6.9,1.2,5.7,0.71,0.21,0.44,4,113.3,111.2
Alec Burks,Det,G,31.55,41,22.4,46.6,22.6,9.4,159,0.811,188,0.468,188,0.436,0.561,0.618,13.4,3.1,7.7,2.2,15.5,0.71,0.12,1.12,8,122.4,112.8
John Butler Jr.,Por,F,20.17,6,3.1,6.4,9.5,0,0,0,1,1,3,0,0.25,0.25,0.3,0.3,6.3,0.2,6.9,0,0.17,0,3.4,N/A,N/A
Jimmy Butler,Mia,F,33.4,39,33.9,70.6,25.1,8.8,314,0.838,478,0.55,72,0.306,0.538,0.621,21.9,6,10.1,4.9,24.2,2.1,0.33,1.69,10.2,129.6,108.6
Jamal Cain,Mia,F,23.88,13,13.9,29,14.4,6.8,16,0.75,37,0.622,11,0.182,0.542,0.581,4.9,2.9,12.1,0.6,6.5,0.62,0,0.31,5.9,123.6,104.1
Kentavious Caldwell-Pope,Den,G,29.97,51,31.3,65.2,14.5,10.7,78,0.821,218,0.477,223,0.462,0.586,0.611,11.4,3,5.5,2.2,9,1.37,0.37,1.12,5.4,118.2,111.3
Facundo Campazzo,Dal,G,31.87,8,6.5,13.6,14.7,17.8,2,0.5,2,0,11,0.273,0.346,0.36,1.3,0.3,2.3,1.1,23.1,0.75,0,0.38,4.6,86.4,109.5
Vlatko Cancar,Den,F,25.83,38,14.9,31,13.7,14.6,21,0.905,70,0.529,73,0.466,0.615,0.64,5.1,2.1,8.2,1.3,11.3,0.42,0.21,0.68,6.5,121.3,106.1
Clint Capela,Atl,C,28.72,38,26.9,56.1,16.2,8.2,73,0.616,325,0.634,1,0,0.632,0.638,12,11.4,22.9,0.8,4,0.68,1.21,0.84,7.1,134.6,106.3
Vernon Carey Jr.,Was,F-C,21.95,9,2.6,5.5,16.3,22.5,2,1,6,0.167,0,0,0.167,0.291,0.4,0.9,18.7,0.2,10.3,0.22,0.22,0.22,6.4,N/A,N/A
Wendell Carter Jr.,Orl,C-F,23.81,33,30,62.6,20.8,15.1,119,0.765,238,0.601,114,0.342,0.572,0.611,15,8.7,16.5,2.6,13.6,0.36,0.64,2.18,9.3,116.4,106
Jevon Carter,Mil,G,27.4,53,22.8,47.5,14.3,14.6,27,0.815,146,0.432,194,0.402,0.529,0.543,7.2,2.5,5.8,2.6,15.3,1.04,0.45,1.13,6.3,109.6,105.2
Alex Caruso,Chi,G,28.94,45,24.1,50.2,11.2,21,54,0.778,98,0.5,97,0.402,0.551,0.587,5.7,3,7,3.3,16.9,1.71,0.69,1.29,6.4,114.5,104.7
Justin Champagnie,Tor,G-F,21.61,3,3.6,7.6,11.7,0,0,0,3,1,0,0,1,1,2,1.3,20.8,0.3,15.9,0,0,0,10.2,N/A,N/A
Julian Champagnie,Phi,F,21.61,2,3.4,7,13.2,0,0,0,1,0,1,0,0,0,0,0,0,0,0,0.5,0,0,0,N/A,N/A
Kennedy Chandler,Mem,G,20.39,23,9.6,19.9,16.1,18.4,11,0.455,52,0.462,14,0.143,0.409,0.416,2.6,1.3,7.1,2,26.7,0.43,0.22,0.7,7.9,96.2,108.6
Max Christie,Lal,G,19.99,33,14.5,30.3,10.2,8.6,14,0.857,39,0.436,61,0.426,0.56,0.584,3.8,2.2,8,0.5,4.4,0.21,0.18,0.3,4.4,114.3,111.8
Josh Christopher,Hou,G,21.16,35,9.4,19.6,22.5,16.7,31,0.742,99,0.556,37,0.216,0.493,0.525,4.5,1.1,6.4,0.8,13.8,0.31,0.23,0.86,6.7,99,115.3
Brandon Clarke,Mem,F,26.38,46,19.7,41,17.9,12.6,122,0.73,287,0.676,6,0.167,0.667,0.692,10.4,5.5,14.5,1.2,8.7,0.63,0.72,1.09,8.3,130.5,99.6
Jordan Clarkson,Uta,G,30.66,53,32.5,67.6,27.7,13.5,203,0.818,483,0.536,408,0.35,0.531,0.568,21,3.9,6.7,4.2,20.4,0.55,0.21,2.89,8.6,110.8,115.2
Nic Claxton,Bro,F-C,23.81,49,29.5,61.5,15.8,11.9,163,0.497,378,0.738,2,0,0.734,0.707,13,9,17.3,1.7,8.1,0.71,2.63,1.24,7.9,135.9,105.6
Amir Coffey,Lac,G-F,25.64,37,14.5,30.3,13.4,9.1,55,0.818,91,0.407,35,0.286,0.413,0.496,4,1.3,4.9,1.3,12,0.19,0.08,0.41,5.2,111.5,109.9
John Collins,Atl,F-C,25.37,46,31.3,65.2,17,10.2,114,0.789,319,0.63,150,0.253,0.55,0.584,13.2,7.4,12.8,1.3,5.5,0.67,1.24,1.28,6.4,113.4,105.8
Zach Collins,San,F-C,25.21,42,20.5,42.7,19.8,19.5,90,0.733,226,0.593,65,0.354,0.579,0.609,9.6,5.8,15.8,2.5,16.9,0.36,0.69,1.9,10.1,113.1,106.8
Mike Conley,Uta,G,35.32,42,29.6,61.7,16.3,15,95,0.811,158,0.462,209,0.364,0.51,0.552,10.7,2.5,4.7,7.6,34,1.05,0.24,1.71,7.9,123.4,113
Pat Connaughton,Mil,G,30.08,37,25.3,52.6,14.5,6.5,28,0.607,68,0.515,221,0.353,0.526,0.533,8.7,4.9,10.1,1.2,6.5,0.68,0.11,0.57,5.9,112.1,109.3
Robert Covington,Lac,F,32.15,34,16.1,33.4,15.9,11.6,34,0.735,64,0.531,96,0.333,0.513,0.54,5.6,3.9,13.3,1.3,11.1,0.68,0.76,0.68,7.6,111.6,101.6
Torrey Craig,Pho,F,32.13,52,25.4,53,13.3,11.9,33,0.788,176,0.517,173,0.405,0.562,0.575,8,5.7,12.4,1.5,8.1,0.73,0.62,0.94,6.4,118.3,106.6
Jarrett Culver,Atl,G-F,23.96,10,13.7,28.5,17.3,12.6,13,0.692,31,0.516,12,0.083,0.407,0.452,4.4,3.8,15,0.6,5.6,0.6,0.2,0.7,6.3,96,104.9
Cade Cunningham,Det,G,21.37,12,33.4,69.5,29.7,13.8,43,0.837,163,0.466,61,0.279,0.453,0.492,19.9,6.2,10.2,6,30.4,0.83,0.58,3.25,10.8,100.2,112.6
Seth Curry,Bro,G,32.46,39,23.2,48.3,19.1,10.6,35,0.971,156,0.506,174,0.425,0.576,0.599,10.6,2,4.8,2.1,12.4,0.67,0.18,1.05,6.1,113.5,111.8
Stephen Curry,Gol,G,34.9,38,34.6,72,30.7,12.7,206,0.922,318,0.588,433,0.427,0.619,0.665,29.4,6.3,10,6.4,31,0.97,0.39,3.21,12.2,124.2,111.3
Dyson Daniels,Nor,G,19.89,39,19.9,41.5,11.5,20.4,29,0.621,95,0.516,60,0.333,0.51,0.525,4.5,3.5,10,2.5,15.8,0.87,0.26,1.1,6.8,106.3,105
Anthony Davis,Lal,F-C,29.91,30,33.5,69.8,29.1,8.8,235,0.83,482,0.602,46,0.283,0.586,0.645,27.1,12,19.2,2.6,13,1.27,2.03,2.03,11.3,127.6,105.4
Johnny Davis,Was,G,20.94,10,5,10.5,13.2,6.5,3,1,10,0.4,3,0,0.308,0.384,1.1,0.7,7.7,0.2,5.1,0,0.1,0.1,4.3,87.5,94
JD Davison,Bos,G,20.34,5,2.3,4.8,22.5,16.7,0,0,3,0.333,2,0,0.2,0.2,0.4,0.4,9.5,0.2,11.2,0.2,0,0.2,5.5,N/A,N/A
Terence Davis,Sac,G,25.73,38,12.9,26.9,22.3,12.5,30,0.9,72,0.556,138,0.348,0.533,0.562,6.6,2.4,10.5,1.3,13.7,0.76,0.26,0.84,8.5,108.2,101.1
Dewayne Dedmon,Mia,C,33.49,30,11.7,24.3,21,11.4,44,0.727,92,0.576,37,0.297,0.539,0.576,5.7,3.6,17.9,0.5,7.2,0.23,0.47,0.63,7.4,113.3,93
Matthew Dellavedova,Sac,G,32.41,21,5.9,12.3,12.2,17,3,0.333,15,0.333,13,0.385,0.446,0.443,1.2,0.3,3.2,1.2,24.8,0.29,0,0.29,5.1,105.2,107.1
DeMar DeRozan,Chi,G-F,33.5,49,36.3,75.7,28.8,9.2,380,0.887,819,0.527,76,0.329,0.525,0.601,26,4.9,7.6,5,22.2,1.02,0.53,2.18,9.5,120,109.7
Moussa Diabate,Lac,F,21.04,14,11.5,24,14.6,14.8,16,0.625,37,0.514,2,0.5,0.526,0.554,3.6,3.1,15,0.2,2.6,0.36,0.36,0.57,4.5,119.9,108.6
Mamadi Diakite,Cle,F,26.04,14,6.6,13.6,15.1,19.4,0,0,11,0.636,14,0.286,0.52,0.52,1.9,0.8,7.1,0.1,3,0.14,0.36,0.43,3.2,89.1,101.9
Hamidou Diallo,Det,G,24.52,45,16.7,34.9,20.7,14.3,120,0.575,246,0.598,18,0.278,0.585,0.597,8.4,3.4,11.3,1,9.4,0.93,0.24,1.18,7.3,110.8,106.4
Gorgui Dieng,San,C,33.05,17,9.8,20.3,17.4,20.1,4,0.75,18,0.667,36,0.278,0.5,0.511,3.4,2.8,16.2,1.6,21.2,0.06,0.41,0.82,10.1,106.5,108.5
Ousmane Dieng,Okc,F,19.71,19,15,31.2,13.4,13.2,5,0.4,32,0.594,45,0.289,0.5,0.499,4.2,2.6,9.2,1.4,11.7,0.26,0.32,0.63,6.6,103.3,109.9
Spencer Dinwiddie,Dal,G,29.84,53,34.1,71.1,22,10.2,207,0.821,353,0.504,341,0.405,0.555,0.599,17.7,3.1,5.3,5.2,24.5,0.74,0.3,1.68,7.7,121.2,112.8
Donte DiVincenzo,Gol,G,26.01,43,24.9,51.9,14.7,16.2,37,0.811,97,0.464,203,0.404,0.56,0.579,8.5,4.4,9.7,3.3,17.1,1.3,0.09,1.42,8,114.5,109.4
Luka Doncic,Dal,F-G,23.94,47,36.5,76,38.5,11.8,523,0.728,682,0.585,368,0.353,0.566,0.613,33.4,8.9,14.3,8.2,45.7,1.51,0.51,3.64,14.7,121.2,106.8
Tyler Dorsey,Dal,G,26.98,3,2.8,5.8,27.4,0,0,0,3,1,2,0.5,0.9,0.9,3,0.7,14.2,0,0,0,0,0,0,N/A,N/A
Luguentz Dort,Okc,G,23.8,47,30.3,63.2,20.3,9.7,157,0.758,304,0.447,252,0.357,0.487,0.529,14.1,4.2,7.4,2.3,10.2,1.04,0.26,1.43,6.8,109.4,107.4
Ayo Dosunmu,Chi,G,23.05,50,27.7,57.7,14.9,14.2,60,0.783,247,0.615,132,0.333,0.575,0.596,9.7,3,6.1,2.7,13,0.72,0.36,1.34,6.2,113.8,109
Devon Dotson,Was,G,23.51,6,8.9,18.4,9.8,25,0,0,6,0,3,0.333,0.167,0.167,0.5,1.7,10.4,1.3,17.8,0.83,0,0.5,4.6,86.1,97.2
Jeff Dowtin Jr.,Tor,G,25.74,14,6.6,13.8,13,7.1,3,1,21,0.524,4,0.25,0.5,0.532,2,0.9,7.9,0.9,17.9,0.14,0.07,0.14,7.1,124.8,115.2
PJ Dozier,Sac,G-F,26.28,4,2.6,5.4,12.5,0,0,0,1,1,2,0.5,0.833,0.833,1.3,0.5,11.1,0,0,0.75,0,0,0,N/A,N/A
Goran Dragic,Chi,G,36.75,45,16.1,33.5,21.1,14,39,0.641,163,0.485,120,0.367,0.512,0.525,7,1.4,5.1,3,26,0.2,0.09,1.09,7.7,106.4,111.1
Andre Drummond,Chi,C,29.49,39,12.8,26.8,20.9,16.3,75,0.52,165,0.624,2,0,0.617,0.613,6.3,6.6,29,0.6,7.1,0.56,0.28,1,9.1,120.3,94.6
Chris Duarte,Ind,G,25.65,32,18.9,39.5,19.5,9.5,59,0.847,109,0.422,122,0.295,0.433,0.486,7.8,2.4,7,1.5,11.2,0.44,0.25,0.84,6.4,100.5,112.9
David Duke Jr.,Bro,G,23.32,14,9,18.8,21.1,21.8,8,0.5,37,0.514,6,0,0.442,0.451,3,1.1,6.8,0.9,12.9,0.36,0.07,0.93,6.4,85,99.7
Kevin Durant,Bro,F,34.35,39,36,74.9,31.6,13.7,285,0.937,545,0.622,189,0.376,0.607,0.674,29.7,6.7,10.6,5.3,24.7,0.82,1.49,3.49,11.3,122.9,110.4
Jalen Duren,Det,C,19.22,46,24.8,51.6,12.8,16.5,97,0.619,244,0.66,1,0,0.657,0.664,8.3,8.6,19.2,1,6.2,0.65,0.85,1.24,6.7,129.1,108.5
Tari Eason,Hou,F,21.74,53,19.4,40.4,20.1,11.2,84,0.786,301,0.468,106,0.358,0.486,0.52,8.7,5.7,16,0.9,7.5,1.09,0.58,1.06,7.3,110.3,106.5
Anthony Edwards,Min,G,21.51,55,36.6,76.3,29.4,13.6,307,0.769,649,0.521,412,0.367,0.532,0.571,24.8,6.1,9.3,4.6,19.5,1.69,0.62,3.44,9.7,107.1,109.2
Kessler Edwards,Bro,F,22.49,13,5.7,11.9,16.2,14.9,2,0.5,11,0.364,11,0.182,0.318,0.328,1.2,1.1,10.8,0.2,3.3,0.23,0.08,0.31,4.5,76.6,114.7
Keon Ellis,Sac,G,23.08,5,2.2,4.7,7.6,0,0,0,0,0,2,0.5,0.75,0.75,0.6,0.4,10.2,0.2,11.1,0,0,0,6.6,N/A,N/A
Joel Embiid,Phi,C-F,28.89,39,34.6,72.2,38,12.3,454,0.855,689,0.566,127,0.362,0.563,0.643,33.5,10.1,17,4.2,23,1.13,1.62,3.67,13,121.7,102.5
Drew Eubanks,Por,F-C,26.01,51,19.1,39.8,11,15.9,67,0.672,170,0.706,7,0.429,0.703,0.712,5.8,4.7,14.2,1,7.6,0.53,1.2,0.76,6.3,135.8,106.4
Bruno Fernando,Hou,F-C,24.48,29,11.8,24.5,14,14.7,40,0.65,80,0.55,1,0,0.543,0.578,3.9,3.7,17,1,12.2,0.21,1,0.59,8.3,121.4,99.7
Dorian Finney-Smith,Dal,F,29.76,40,32.2,67.1,12.9,9.9,40,0.75,93,0.559,217,0.355,0.54,0.557,9.1,4.7,8.6,1.5,6.5,0.95,0.5,0.9,5,115.5,112.6
Malachi Flynn,Tor,G,24.74,37,14,29.1,16.8,7.9,17,0.765,79,0.354,101,0.366,0.464,0.48,4.9,1.5,6.2,1.5,14.4,0.38,0.08,0.43,6.4,107.2,110.1
Simone Fontecchio,Uta,F,27.16,26,8.1,16.9,19.7,14.1,14,0.643,22,0.409,57,0.368,0.513,0.528,3.5,1.1,7.3,0.3,5.2,0.12,0.19,0.54,5.2,100.6,110.8
Bryn Forbes,Min,G,29.54,23,10.5,21.9,15.9,11.1,13,1,35,0.429,39,0.256,0.405,0.458,3.2,0.6,3,0.7,8,0.3,0.04,0.43,4.2,94,111.8
Trent Forrest,Atl,G,24.65,18,13.3,27.7,10.9,16.3,3,0.667,48,0.5,2,0,0.48,0.487,2.8,1.6,6.5,1.7,16,0.33,0.11,0.56,5.9,104.7,112.9
Michael Foster Jr.,Phi,F,20.06,1,1,2.1,0,N/A,0,0,0,0,0,0,N/A,N/A,0,0,0,0,0,0,0,0,0,N/A,N/A
Evan Fournier,Nyk,G-F,30.27,21,18.5,38.5,18.4,11.4,21,0.857,46,0.413,93,0.301,0.439,0.472,6.7,2.1,6.1,1.6,12.1,0.62,0.14,0.9,6.1,99.4,107.8
De'Aaron Fox,Sac,G,25.13,47,33.7,70.2,29.3,11,260,0.788,625,0.568,225,0.333,0.55,0.591,24.3,4.3,7.2,6.1,29.2,1.02,0.34,2.53,10.2,117.3,109.9
Markelle Fultz,Orl,G,24.69,32,28.3,58.9,20.8,17,77,0.727,287,0.523,40,0.325,0.518,0.547,12.3,3.8,7.6,5.5,30.1,1.47,0.38,2.31,9,110.5,110.5
Wenyen Gabriel,Lal,F,25.87,42,15.5,32.3,15.3,12.7,55,0.636,155,0.671,27,0.333,0.646,0.655,6.4,3.9,13.6,0.5,4.1,0.36,0.6,0.71,6,125.9,102.9
Daniel Gafford,Was,F-C,24.35,50,18.1,37.8,15.7,13.7,123,0.626,229,0.738,0,0,0.738,0.733,8.3,5.3,16,0.8,6.5,0.36,1.24,0.9,7.2,137.7,103.6
Darius Garland,Cle,G,23.03,45,35.5,74,27.3,13.5,228,0.873,465,0.486,279,0.405,0.532,0.586,22,2.8,4.7,8.2,36.6,1.31,0.11,2.93,9,118.5,108.8
Usman Garuba,Hou,F,20.91,47,13.9,28.9,10.3,20.3,36,0.528,86,0.547,28,0.464,0.583,0.585,3.2,4.7,18.3,1,9.6,0.66,0.49,0.7,7.1,119,104.6
Luka Garza,Min,C,24.11,19,8.3,17.4,25.4,6.4,30,0.767,48,0.604,27,0.333,0.567,0.612,5.7,2.1,14.2,0.5,8.9,0.11,0.05,0.32,8.7,128.5,99.6
Rudy Gay,Uta,F-G,36.47,39,14.5,30.3,15.2,10.7,30,0.833,84,0.5,86,0.233,0.424,0.461,4.3,3,11.3,0.9,8.1,0.38,0.33,0.56,6.2,100.5,109.7
Paul George,Lac,F,32.77,39,34.3,71.5,29.2,14.8,187,0.872,382,0.521,297,0.391,0.549,0.597,23.3,6.2,9.9,5.3,25.8,1.51,0.38,3.38,10.7,112.5,106.5
Taj Gibson,Was,F,37.62,32,10.1,21.1,15.6,16.3,29,0.69,70,0.614,15,0.2,0.559,0.588,3.6,2,10.7,0.8,11.1,0.38,0.25,0.59,7.1,115.2,95.9
Josh Giddey,Okc,G,20.32,47,30.9,64.4,24.5,16.9,72,0.778,532,0.532,145,0.324,0.522,0.538,16.2,8,13.7,5.9,28.3,0.77,0.49,3.06,11.8,107.7,108.8
Shai Gilgeous-Alexander,Okc,G-F,24.57,48,35.5,73.9,32.7,10.3,492,0.911,849,0.531,130,0.354,0.531,0.622,31,4.8,7.2,5.6,26.2,1.71,1.13,2.88,10.6,124.5,109.7
Anthony Gill,Was,F,30.3,36,9.8,20.5,10.7,5.7,24,0.833,55,0.745,17,0.118,0.611,0.654,3,1.4,7.9,0.5,6.5,0.14,0.14,0.14,5.2,139.1,106.1
Rudy Gobert,Min,C,30.61,45,30.9,64.5,15.8,15.4,218,0.67,336,0.682,3,0,0.676,0.694,13.4,11.6,21.1,0.9,4,0.87,1.29,1.76,6.7,129.4,103.2
Jordan Goodwin,Was,G,24.29,37,18.7,38.9,16.1,13.3,42,0.762,140,0.493,64,0.406,0.529,0.557,6.7,3.4,10.1,2.6,19.4,1.05,0.51,0.92,8.3,117,106.2
Aaron Gordon,Den,F,27.39,47,30.2,62.9,21.1,10.7,227,0.621,401,0.636,117,0.385,0.623,0.636,16.7,6.8,13.1,2.7,13,0.74,0.77,1.57,8.9,126.3,111.2
Eric Gordon,Hou,G,34.11,45,30.1,62.7,18.2,12.6,129,0.814,227,0.533,237,0.342,0.523,0.566,13.1,2.1,3.8,2.8,13.5,0.6,0.33,1.67,5.7,112.4,120.8
Devonte' Graham,Nor,G,27.95,52,15.3,31.9,14.8,9.7,59,0.746,41,0.463,185,0.346,0.509,0.544,5.3,1.4,5.1,2.2,18.5,0.58,0.19,0.52,6.6,118,111.3
Jerami Grant,Por,F,28.9,51,35.6,74.1,23.2,9.3,270,0.8,466,0.526,287,0.415,0.562,0.61,20.8,4.4,7.1,2.4,10.4,0.84,0.78,1.75,6.8,119.7,113.6
A.J. Green,Mil,G,23.36,24,9.1,19,17.8,7.5,4,1,14,0.643,70,0.4,0.607,0.618,4.4,1.1,6.2,0.5,7.3,0.17,0,0.29,5.9,120.1,104.8
Danny Green,Mem,G,35.63,1,9.9,20.6,20.6,20,0,0,0,0,4,0.25,0.375,0.375,3,4,21.2,1,12.6,1,0,1,9.3,83.4,84.4
Draymond Green,Gol,F,32.93,47,31.8,66.2,12.5,26.7,75,0.693,203,0.591,90,0.333,0.563,0.586,8.1,7.5,12.9,6.9,27.7,0.89,0.79,2.53,9.4,115.3,106.4
JaMychal Green,Gol,F-C,32.63,33,14.9,31,17.8,17.7,40,0.75,93,0.667,61,0.311,0.588,0.615,6.4,4.2,15.2,0.9,8.2,0.45,0.39,1.12,7.8,114.2,103.3
Jalen Green,Hou,G,20.99,49,34.3,71.5,27.9,12.5,284,0.782,497,0.469,371,0.329,0.479,0.531,21.5,4.1,6.5,3.7,17.4,0.71,0.24,2.9,8,106.1,117.6
Javonte Green,Chi,G-F,29.54,28,16,33.4,13.9,14,43,0.674,70,0.686,34,0.382,0.649,0.667,5.9,2.9,10.3,0.8,6.9,0.79,0.71,0.71,6,125.3,104.8
Jeff Green,Den,F,36.44,31,19.3,40.2,16.4,13.3,66,0.682,123,0.593,44,0.273,0.545,0.579,7.3,2.5,7.5,1.2,8,0.42,0.23,0.97,5.8,111.9,108.9
Josh Green,Dal,G,22.22,34,22.7,47.3,13.8,12.8,66,0.712,95,0.674,80,0.413,0.649,0.671,8.1,2.4,6.3,1.4,9.4,0.91,0.06,0.88,5.3,128.3,106.9
AJ Griffin,Atl,F,19.45,50,20.8,43.3,17.6,7.4,26,0.923,190,0.568,198,0.409,0.591,0.605,9.7,2.1,5.4,1.1,7.1,0.76,0.12,0.64,5.4,117.6,113.8
Blake Griffin,Bos,F,33.89,21,13.1,27.4,12.4,8.9,21,0.714,34,0.618,28,0.321,0.556,0.59,4,3.3,13.7,1.1,11.1,0.29,0.14,0.33,7.4,128.5,99.9
Quentin Grimes,Nyk,G,22.75,43,30.5,63.6,13.8,10.6,62,0.823,121,0.628,231,0.359,0.57,0.596,10.5,3.5,6.2,2.1,9.3,0.72,0.4,1.05,5.6,120.7,110
Rui Hachimura,Was,F,24.99,30,24.3,50.5,22.9,9.3,58,0.759,235,0.545,89,0.337,0.534,0.558,13,4.3,9.7,1.2,7.4,0.4,0.4,1.2,6.7,106.3,112.3
Rui Hachimura,Lal,F,24.99,6,26.8,55.8,17.4,1.5,21,0.524,40,0.525,16,0.313,0.509,0.521,11.3,6.2,12.3,0.5,2.6,0.5,0.17,0.17,4.9,114.6,113.7
Tyrese Haliburton,Ind,G,22.93,42,33.5,69.7,23.9,13.7,125,0.88,324,0.559,316,0.392,0.573,0.607,20.1,3.9,6.4,10.2,47.9,1.79,0.38,2.62,11.1,125.6,116.8
Jordan Hall,San,G,21.06,9,9.1,19,19.7,18,9,0.778,13,0.462,15,0.2,0.375,0.438,3.1,1.3,8.2,1.2,17,0.11,0,0.78,7.4,91.6,118.2
R.J. Hampton,Orl,G,22,26,13.9,28.9,18.1,13.9,37,0.838,61,0.525,53,0.34,0.518,0.572,5.7,1.5,6.2,1.3,13.6,0.62,0.15,0.81,6.4,111.4,112
Tim Hardaway Jr.,Dal,G-F,30.89,50,30.2,63,21.2,6.3,116,0.767,213,0.427,395,0.349,0.49,0.52,13.7,3.5,6.9,1.6,8.1,0.78,0.14,0.88,5.6,104.4,113.5
James Harden,Phi,G,33.45,35,36.4,75.8,25.2,17.1,222,0.86,248,0.504,256,0.395,0.549,0.618,21.3,6.3,10.2,10.9,44.9,1.17,0.51,3.54,12.5,123.8,108.9
Jaden Hardy,Dal,G,20.59,25,10.1,21,27.8,9.7,34,0.853,72,0.5,52,0.25,0.448,0.504,5.6,1.2,6.8,0.6,9.1,0.24,0.12,0.6,6.3,96.2,104.8
Ron Harper Jr.,Tor,F,22.82,3,3.1,6.5,22.6,0,0,0,2,0.5,3,0.667,0.8,0.8,2.7,0.7,12,0,0,0,0,0,0,N/A,N/A
Montrezl Harrell,Phi,F-C,29.03,47,13,27,18,12.5,85,0.694,178,0.612,2,0,0.606,0.637,5.9,2.9,13,0.7,7.7,0.34,0.53,0.66,7,125.7,103.3
Gary Harris,Orl,G,28.4,25,24.1,50.1,13.8,9.9,23,0.87,62,0.548,101,0.465,0.641,0.661,9.2,2,4.8,1.2,6.9,0.76,0.2,0.76,4.7,124.8,110.3
Joe Harris,Bro,G-F,31.42,45,24.4,50.7,14.1,8.6,21,0.667,94,0.564,214,0.397,0.586,0.591,8.3,2.7,6.3,1.6,8.6,0.53,0.29,0.67,5.4,114.7,108.9
Kevon Harris,Orl,G,25.62,27,12.4,25.9,13.5,15.3,27,0.815,49,0.429,28,0.393,0.487,0.546,3.6,2,9,0.4,4.9,0.48,0.11,0.59,4.6,109.3,107.2
Tobias Harris,Phi,F,30.56,47,33.7,70.2,19.4,9.2,79,0.861,372,0.583,223,0.381,0.579,0.601,16.1,6.1,10.6,2.7,12.3,1,0.55,1.36,7.6,117.8,108.7
Tobias Harris,Phi,F,30.56,47,33.7,70.2,19.4,9.2,79,0.861,372,0.583,223,0.381,0.579,0.601,16.1,6.1,10.6,2.7,12.3,1,0.55,1.36,7.6,117.8,108.7
Isaiah Hartenstein,Nyk,C-F,24.76,54,19.3,40.3,12.4,14.9,50,0.76,202,0.545,34,0.235,0.517,0.547,5.2,6.4,17.6,0.9,6.3,0.61,0.76,0.83,6.4,120.4,102.1
Josh Hart,Por,G,27.92,50,33.6,69.9,12.6,16.1,116,0.733,247,0.591,108,0.296,0.546,0.582,9.5,8.2,14.1,4,16.1,1.06,0.18,1.56,8.1,122.4,109.3
Udonis Haslem,Mia,F,42.66,6,7.6,15.8,12.4,0,2,0.5,10,0.1,2,0,0.083,0.116,0.5,1.3,10.1,0,0,0.17,0.17,0,0,50.8,96.5
Sam Hauser,Bos,F,25.16,51,14.3,29.7,14.9,6.4,15,0.667,36,0.667,190,0.389,0.597,0.602,5.5,2.4,9.1,0.7,6.7,0.27,0.22,0.31,5.9,119.2,107
Jaxson Hayes,Nor,C-F,22.7,29,14.1,29.5,14.9,12.5,58,0.672,78,0.654,23,0.13,0.55,0.593,5.2,3,11.9,0.8,7.9,0.28,0.38,0.62,6.6,118.7,105.1
Killian Hayes,Det,G,21.53,50,26.4,55,20,16,49,0.776,319,0.42,186,0.317,0.441,0.459,9.7,2.7,5.7,5.7,31.8,1.3,0.32,2,8,99.8,110.3
Gordon Hayward,Cha,F,32.87,28,30.9,64.3,19.6,13.5,86,0.802,216,0.514,98,0.306,0.497,0.541,13.6,4.4,7.6,3.5,16.3,0.79,0.25,1.96,7.7,106.7,117.1
Juancho Hernangomez,Tor,F,27.36,40,15.1,31.5,9.4,11.2,16,0.563,47,0.66,65,0.262,0.504,0.512,3.1,3,11.2,0.6,5.1,0.4,0.15,0.38,4.7,109,111.1
Willy Hernangomez,Nor,C-F,28.7,26,12.6,26.2,22.7,15.4,72,0.764,110,0.564,7,0.143,0.543,0.612,7,4.6,20.4,0.9,10.4,0.35,0.42,1.04,9.8,119.8,99.5
Tyler Herro,Mia,G,23.04,42,35,72.9,26,11.9,117,0.915,371,0.499,343,0.37,0.526,0.56,20.4,5.7,9.4,4.5,21.1,0.9,0.29,2.45,9.2,108.4,109.2
Buddy Hield,Ind,G,30.14,54,32.2,67.2,21,11.7,84,0.857,260,0.496,477,0.428,0.59,0.609,17.4,5,8.5,2.8,13.1,1.17,0.31,1.91,7.8,113.5,113.4
Haywood Highsmith,Mia,F,26.16,38,19.2,40.1,12.4,14.1,20,0.4,83,0.494,85,0.365,0.521,0.518,4.8,3.8,11.3,0.7,5.2,0.79,0.26,0.76,4.9,102.8,104.5
George Hill,Mil,G,36.76,35,19.1,39.8,11.2,15.1,46,0.739,58,0.621,74,0.311,0.534,0.575,5,1.9,5.2,2.5,17.3,0.54,0.09,0.77,6,120.8,109.4
Malcolm Hill,Chi,F,27.28,4,0.6,1.2,0,N/A,0,0,0,0,0,0,N/A,N/A,0,0.3,24.5,0,0,0,0,0,0,N/A,N/A
Aaron Holiday,Atl,G,26.35,48,14.9,31.1,13.3,12.9,28,0.857,109,0.422,74,0.419,0.505,0.535,4.4,1.3,4.7,1.4,11.3,0.56,0.21,0.6,5.4,109,110.4
Jrue Holiday,Mil,G,32.65,42,32.9,68.5,25.6,15.8,118,0.856,404,0.515,255,0.373,0.532,0.564,19.1,5.2,8.2,7.1,33.8,1.33,0.4,3.17,10.8,113.7,107.9
Justin Holiday,Atl,F-G,33.84,28,14.7,30.6,14.1,8.8,0,0,38,0.474,87,0.345,0.504,0.504,4.5,0.8,3,0.9,7.7,0.18,0.36,0.43,4,100.6,112.5
Richaun Holmes,Sac,F,29.31,32,9.1,18.9,12.2,14.4,14,0.857,61,0.689,4,0.75,0.715,0.738,3.3,2.2,13.6,0.2,2.3,0.09,0.31,0.38,5,134.7,102.5
Al Horford,Bos,C-F,36.68,42,30.7,64,11.6,7.3,14,0.714,110,0.555,202,0.421,0.604,0.608,9.2,6.1,11,2.6,11.6,0.52,0.95,0.6,6.9,129,108.2
Talen Horton-Tucker,Uta,G,22.2,41,15.4,32.1,22.5,14.2,60,0.733,157,0.503,106,0.255,0.454,0.489,6.9,2.3,8.3,2.4,21.8,0.66,0.32,1.17,8.7,102.2,109.1
Danuel House Jr.,Phi,F-G,29.67,35,15.4,32.1,12.4,10.6,40,0.7,47,0.66,70,0.343,0.573,0.602,4.6,1.8,7,0.7,6.3,0.23,0.2,0.46,4.7,115.7,109.1
Caleb Houstan,Orl,G,20.07,30,16.5,34.4,10.5,8.3,13,0.846,28,0.429,77,0.364,0.514,0.537,4,2.3,7.9,0.6,4.8,0.17,0.1,0.33,4.3,114.5,111
Trevor Hudgins,Hou,G,23.87,2,4.8,10,10,0,3,1,0,0,1,1,1.5,1.293,3,0,0,1.5,43.2,0,0,0,0,258.8,127.3
Kevin Huerter,Sac,G-F,24.44,48,30.7,64.1,19.2,10.4,92,0.707,226,0.588,326,0.402,0.597,0.611,15.1,3.4,6.3,3,13.6,1.13,0.27,1.44,7,117.5,109.3
De'Andre Hunter,Atl,F-G,25.18,44,32,66.7,20,8.3,152,0.842,350,0.511,193,0.373,0.529,0.576,16,4.3,7.2,1.4,6,0.52,0.18,1.25,5.7,112.8,110.1
Bones Hyland,Den,G,22.39,42,19.5,40.7,28.4,12.5,82,0.866,193,0.425,241,0.378,0.503,0.54,12.1,2,6.1,3,21.8,0.67,0.31,1.6,8.6,106.5,110.1
Serge Ibaka,Mil,F,33.38,16,11.6,24.1,16,15.6,13,0.615,36,0.556,18,0.333,0.537,0.553,4.1,2.8,12.3,0.3,3,0.13,0.44,0.69,5.2,104.9,101.6
Andre Iguodala,Gol,G-F,39.02,3,14.1,29.4,8.9,55.6,0,0,2,1,2,0.5,0.875,0.875,2.3,2.3,9,1.7,14.5,0.33,0.33,1.67,5.9,92.5,106.1
Joe Ingles,Mil,F-G,35.35,21,22.1,46.1,13.3,18.3,13,0.846,24,0.5,91,0.363,0.535,0.555,6.4,2.3,5.5,3.3,19.5,0.57,0.14,1.29,6.6,112,108.5
Brandon Ingram,Nor,F,25.43,20,31.8,66.3,29.5,14,104,0.875,256,0.469,80,0.388,0.496,0.555,21.2,5.3,9.3,5,24.5,0.8,0.6,3.1,10.4,107.4,108
Kyrie Irving,Bro,G,30.87,40,36.9,76.9,29.9,9.2,179,0.883,471,0.569,348,0.374,0.565,0.604,27.1,5.1,7.9,5.3,22.9,1.03,0.83,2.28,9.8,118.6,111.5
Jonathan Isaac,Orl,F,25.34,5,9.3,19.3,24.5,0,3,0.333,16,0.563,9,0.444,0.6,0.589,6.2,2.8,17.2,0.6,11.7,1.4,0,0,9.4,127.1,101.5
Jaden Ivey,Det,G,20.98,50,30.1,62.6,24.4,16.5,238,0.718,414,0.464,207,0.333,0.476,0.525,15.2,4,7.4,4.6,23.3,0.96,0.26,2.86,8.7,103.2,111.9
Jaren Jackson Jr.,Mem,F-C,23.39,35,27,56.2,22.8,10,146,0.781,265,0.577,146,0.363,0.566,0.609,16.5,6.7,13,0.9,4.6,1,3.26,1.51,6.9,119,100.1
Isaiah Jackson,Ind,F,21.07,40,15.5,32.2,17.9,13.9,88,0.682,181,0.58,9,0.111,0.561,0.597,6.8,4,14.1,0.9,8.3,0.4,1.5,0.93,7.5,116.6,103.7
Justin Jackson,Bos,F,27.86,23,4.7,9.7,12.1,6.7,2,0.5,7,0.286,20,0.25,0.352,0.359,0.9,0.7,8.7,0.4,10.6,0.17,0.17,0.09,5.4,89.5,107.2
Reggie Jackson,Lac,G,32.81,50,25.9,53.9,21,15.2,66,0.924,283,0.466,214,0.346,0.489,0.52,10.9,2.2,4.7,3.6,20.5,0.7,0.1,1.88,6.8,102.7,111.1
LeBron James,Lal,F,38.1,43,36.5,76,33.2,10.9,266,0.763,681,0.593,302,0.308,0.553,0.586,30,8.5,12.5,7.1,34.1,0.93,0.56,3.12,13.4,115.7,111.6
Ty Jerome,Gol,G-F,25.58,31,17.8,37.1,15.1,10.1,27,0.963,100,0.56,67,0.403,0.578,0.612,7.1,1.5,4.7,2.7,20.5,0.45,0.16,0.65,6.9,125.8,111.4
Isaiah Joe,Okc,G,23.6,44,15.2,31.6,17.7,6.4,45,0.822,47,0.553,198,0.444,0.645,0.667,8,2.1,7.3,1,9.5,0.64,0.14,0.41,6.7,132.2,107.7
Alize Johnson,San,F,26.79,4,7.4,15.4,15.3,36.8,2,0.5,4,0.75,2,0,0.5,0.509,1.8,2.5,18.9,0.3,4.3,0.25,0,1,6,74.2,109.5
Cameron Johnson,Pho,F,26.93,16,25,52.1,19.7,4.3,33,0.818,67,0.493,95,0.453,0.602,0.629,13.9,3.8,8.3,1.5,9,0.88,0.38,0.5,6.9,128.3,109.3
Jalen Johnson,Atl,F,21.14,49,14.9,31.1,15,8.9,58,0.672,134,0.582,76,0.289,0.529,0.554,5.3,3.9,14.2,0.9,8.2,0.49,0.45,0.47,7.1,114.8,105
James Johnson,Ind,F,35.96,12,8.2,17,14.4,14.8,4,0.75,17,0.412,10,0.3,0.426,0.452,2.2,1.3,9,0.6,9.5,0.33,0.42,0.42,5.8,90.8,92.5
Keldon Johnson,San,F-G,23.32,47,32.6,67.8,28,9.3,238,0.777,506,0.504,325,0.335,0.504,0.546,21.7,4.8,8.2,2.7,12.4,0.7,0.19,2.04,8,108.4,119
Keon Johnson,Por,G,20.91,25,10.5,21.9,24.4,18.4,17,0.529,58,0.379,54,0.352,0.451,0.46,4.4,1.4,7.5,1,13.2,0.48,0.16,1.08,7,86.2,108
Stanley Johnson,San,F-G,26.69,26,15,31.3,16,19.2,36,0.667,69,0.594,37,0.459,0.627,0.644,6,2.9,10.9,2.4,21.1,0.38,0.23,1.12,9.3,120.1,112.6
Nikola Jokic,Den,C,27.96,46,33.6,70,27.3,16.8,285,0.825,581,0.676,104,0.385,0.661,0.704,24.8,11.3,19.4,10.1,47.7,1.35,0.65,3.57,16.8,135.6,104.8
Derrick Jones Jr.,Chi,F,25.97,41,15.4,32,14.1,9.9,58,0.793,109,0.615,48,0.333,0.58,0.625,5.6,2.6,9.5,0.7,5.7,0.41,0.68,0.49,5.6,126,106.8
Carlik Jones,Chi,G,25.12,1,1.1,2.3,39.8,0,0,0,1,1,0,0,1,1,2,0,0,0,0,0,0,0,0,N/A,N/A
Damian Jones,Lal,C,27.6,22,8,16.7,13.1,16.4,20,0.75,34,0.588,3,0,0.541,0.6,2.5,2.5,16.7,0.2,2.9,0.14,0.55,0.41,5.4,118.3,106.2
Herbert Jones,Nor,F,24.34,38,28.5,59.4,15.6,13,110,0.755,193,0.518,106,0.283,0.485,0.537,9.8,3.8,7.4,2.1,9.8,1.68,0.66,1.37,6,109.4,103.2
Kai Jones,Cha,C-F,22.05,27,8.8,18.3,12.9,12.3,12,0.667,48,0.583,11,0.273,0.551,0.568,2.7,1.9,11.6,0.2,2.9,0.19,0.41,0.33,4.6,112.7,106.9
Tre Jones,San,G,23.08,51,29.4,61.3,20.1,12.3,126,0.889,450,0.487,131,0.267,0.467,0.515,12.8,3.5,6.7,6.3,29.4,1.31,0.16,1.75,8.9,112.9,119.2
Tyus Jones,Mem,G,26.74,52,23.5,48.9,18.1,8.7,71,0.803,253,0.474,212,0.382,0.519,0.544,10.4,2.3,5,4.7,26.8,1.06,0.06,0.9,8.2,121.9,114.1
DeAndre Jordan,Den,C,34.54,32,14.4,30,13.2,26.3,38,0.447,86,0.767,1,1,0.776,0.733,4.8,4.9,19.7,0.9,8.5,0.22,0.63,1.16,7.7,118.2,101.5
Cory Joseph,Det,G,31.46,36,15.7,32.6,14.6,12.8,34,0.765,87,0.448,68,0.309,0.455,0.491,4.6,1.3,4.7,3.3,28.9,0.42,0.08,0.69,6.9,113.7,114.2
Nikola Jovic,Mia,F,19.66,15,13.6,28.4,18.8,11.4,19,0.947,34,0.588,35,0.229,0.464,0.53,5.5,2.1,8.7,0.7,7.2,0.47,0.13,0.67,5.9,105.9,104.6
Mfiondu Kabengele,Bos,F-C,25.48,2,7,14.6,9.3,33.3,0,0,1,1,1,0,0.5,0.5,1,2.5,19.6,0,0,0,0,0.5,0,113.7,93.5
Frank Kaminsky,Atl,F-C,29.84,26,6.8,14.1,14,15.4,12,0.833,21,0.667,23,0.478,0.693,0.72,2.7,1.4,11,0.8,15.5,0.19,0.04,0.35,8.5,131.8,104.4
Trevor Keels,Nyk,G,19.45,1,1,2.1,42.7,0,0,0,0,0,1,0,0,0,0,1,53.7,0,0,0,0,0,0,N/A,N/A
Luke Kennard,Lac,G,26.62,33,21.3,44.5,15.1,12.4,20,0.95,76,0.513,128,0.453,0.618,0.637,8.2,2.5,6.5,1.1,7.6,0.55,0.12,0.91,5.3,115.8,110.4
Walker Kessler,Uta,C,21.53,51,20.3,42.4,13.1,12.1,98,0.531,240,0.717,0,0,0.717,0.699,7.8,7.4,20,0.8,5.3,0.37,2.04,0.76,7.1,139,105
Braxton Key,Det,F,25.98,3,3,6.3,8.7,0,2,1,1,1,0,0,1,1.064,1.3,0.3,6.1,0,0,0,0,0,0,N/A,N/A
Corey Kispert,Was,F,23.93,44,27.6,57.4,13.1,9.2,57,0.86,112,0.58,197,0.426,0.618,0.645,9.8,2.8,5.5,1.3,6.5,0.61,0.11,0.77,4.8,122.9,114.3
Maxi Kleber,Dal,F,31.02,22,25.7,53.4,9.9,10.6,14,0.786,39,0.692,65,0.369,0.606,0.622,6.2,3.5,8.1,1,5.2,0.32,1,0.59,4.3,122.6,110.8
Nathan Knight,Min,F-C,25.38,29,7.6,15.8,18.4,14.7,41,0.707,45,0.667,18,0.389,0.643,0.679,3.8,1.5,11.2,0.3,5.7,0.28,0.14,0.48,6.3,125.3,102.4
Kevin Knox II,Det,F,23.49,41,14.4,29.9,15.9,13.9,33,0.788,63,0.651,114,0.377,0.596,0.619,5.8,2.6,10.1,0.4,3.7,0.32,0.29,0.76,5.1,110.9,108.6
Christian Koloko,Tor,C,22.63,44,14.8,30.9,10.7,11,53,0.66,114,0.518,9,0.111,0.492,0.533,3.5,3.3,12.6,0.5,4.4,0.3,1.07,0.41,4.8,120.2,101.6
John Konchar,Mem,G,26.87,44,23.3,48.5,10.9,9.5,23,0.87,107,0.523,131,0.359,0.532,0.55,6.2,5,11.1,1.5,8.3,1.09,0.25,0.59,6.2,118.1,106
Furkan Korkmaz,Phi,G-F,25.54,25,10.2,21.2,18.4,14.2,29,0.655,43,0.465,35,0.343,0.487,0.523,3.8,1.2,6.7,0.7,9.8,0.24,0.12,0.6,5.8,100.6,113.4
Luke Kornet,Bos,F-C,27.56,46,11.8,24.5,11.4,13.4,29,0.828,101,0.723,9,0.333,0.705,0.729,3.9,3,13.9,0.7,8.5,0.2,0.76,0.41,6.8,146.7,103.3
Vit Krejci,Atl,G,22.63,20,5.8,12.2,11.2,9.7,2,0.5,9,0.556,18,0.278,0.463,0.466,1.3,0.7,6.5,0.6,11.4,0.15,0.05,0.15,5.6,105,110
Jonathan Kuminga,Gol,F,20.34,41,19.3,40.3,19.1,15.8,81,0.642,187,0.583,82,0.329,0.556,0.576,8.6,3.2,9,1.7,12.6,0.44,0.46,1.39,7.5,108.3,106.2
Kyle Kuzma,Was,F,27.54,51,34.9,72.7,27.7,13.1,190,0.716,527,0.541,380,0.332,0.523,0.547,21.3,7.6,11.9,4,18,0.49,0.47,2.92,9.9,104.3,109.7
Anthony Lamb,Gol,F,25.04,42,19.3,40.2,14.2,15.3,36,0.75,74,0.703,142,0.401,0.637,0.651,7.2,3.3,9.2,1.7,11.6,0.52,0.26,1,7.1,120.3,106.1
Jock Landale,Pho,C,27.28,46,14.4,29.9,19.8,14.1,77,0.792,160,0.638,69,0.246,0.557,0.601,6.9,4,15.7,0.9,9.4,0.24,0.5,0.93,8.1,118.6,102.8
Romeo Langford,San,G-F,23.28,32,20.2,42.1,15.6,9.1,37,0.649,158,0.551,46,0.283,0.522,0.538,7.4,2.9,8,1.3,9,0.5,0.34,0.69,6,113.7,117.1
Jake LaRavia,Mem,F,21.26,29,13.1,27.3,11.6,16.7,9,0.778,24,0.542,62,0.339,0.517,0.534,3.3,2,8.1,0.7,6.8,0.41,0.14,0.62,5.1,104.8,102.4
Zach LaVine,Chi,G-F,27.91,48,35.8,74.7,27.7,11.4,244,0.84,491,0.525,364,0.379,0.544,0.59,23.6,4.8,7.5,4.2,18,1.06,0.19,2.58,8.7,112.6,111
A.J. Lawson,Min,G,25.78,1,1.8,3.8,23.7,0,0,0,1,1,0,0,1,1,2,1,31.2,0,0,0,0,0,0,N/A,N/A
A.J. Lawson,Dal,G,25.78,9,3.9,8.2,21,0,3,0.333,5,0.6,10,0.4,0.6,0.582,2.1,0.7,10,0.1,4.7,0,0,0,5.4,N/A,N/A
Damion Lee,Pho,G-F,30.29,55,22.3,46.4,16.1,13.5,88,0.909,157,0.42,203,0.468,0.579,0.623,9,3.3,8.2,1.5,9.1,0.44,0.09,1.13,6.4,116.5,110.4
Saben Lee,Phi,G,23.62,2,5.1,10.5,30.7,42.9,0,0,3,1,1,0,0.75,0.75,3,0,0,1,36.2,0.5,0,1.5,0,86.4,104.7
Saben Lee,Pho,G,23.62,13,17.1,35.7,16.9,18.1,39,0.769,42,0.429,13,0.538,0.518,0.603,6.7,2.2,7,3.3,25.9,0.62,0.08,1.23,8.5,122.2,109.4
Alex Len,Sac,C,29.64,12,3.6,7.6,15.5,25.4,4,0.75,9,0.556,1,0,0.5,0.553,1.1,1.3,19.7,0.3,11.8,0,0,0.33,8.4,N/A,N/A
Kawhi Leonard,Lac,F,31.61,30,32.2,67,27.2,7.8,151,0.868,356,0.551,131,0.351,0.544,0.597,22,6.2,10.7,4,21.3,1.4,0.5,1.57,10.2,122.5,110.2
Caris LeVert,Cle,G,28.45,49,30.9,64.4,19.8,11.9,129,0.705,314,0.436,219,0.374,0.488,0.518,12.5,3.9,7.4,3.8,17.6,0.78,0.24,1.63,7.4,107,106.8
Kira Lewis Jr.,Nor,G,21.84,9,10.1,21,21.2,11,8,1,26,0.577,11,0.273,0.527,0.58,5.2,1.7,9.3,0.7,9.8,0.22,0.11,0.56,7.3,110.4,102.2
Damian Lillard,Por,G,32.56,41,36.2,75.5,32.6,11.4,364,0.912,366,0.585,455,0.371,0.569,0.646,30.9,4,6.5,7.3,34.1,0.83,0.32,3.07,10.7,128.2,114.9
Nassir Little,Por,F-G,22.98,32,16,33.4,14.9,9.7,26,0.615,70,0.529,76,0.408,0.572,0.581,5.7,2.3,8.3,0.8,7.1,0.31,0.28,0.53,5.5,114.5,113.9
Isaiah Livers,Det,F,24.53,32,20.3,42.4,11.7,11.7,27,0.778,33,0.515,114,0.36,0.534,0.56,5.6,2.3,6.2,0.6,4.2,0.41,0.56,0.66,3.9,108.7,113.9
Kenneth Lofton Jr.,Mem,F,20.48,7,4.2,8.7,29.5,9.4,5,0.6,14,0.5,3,0,0.412,0.443,2.4,0.6,7.1,0.6,20.6,0,0,0.29,9.1,95.9,103.2
Kevon Looney,Gol,F,27,53,23.3,48.6,10.2,8.6,99,0.616,233,0.644,0,0,0.644,0.653,6.8,8.6,20,2.6,14.5,0.55,0.57,0.49,9.2,151,102.9
Brook Lopez,Mil,C,34.85,52,30.3,63.1,18.2,10.5,100,0.77,312,0.599,255,0.369,0.578,0.6,14.1,6.3,10.8,1.2,5.9,0.5,2.48,1.38,6.3,117.2,105.8
Robin Lopez,Cle,C,34.85,26,8.7,18,15.1,24.9,14,0.714,50,0.64,1,1,0.657,0.674,3,1.5,10.2,0.5,7.7,0.04,0.15,0.73,6,112.9,100.1
Kevin Love,Cle,F-C,34.41,41,20,41.7,19.6,13.1,63,0.889,90,0.467,195,0.354,0.511,0.555,8.5,6.8,20.1,1.9,13.1,0.17,0.17,1.15,9.6,111.8,101.9
Kyle Lowry,Mia,G,36.87,44,33.3,69.3,17,15.4,117,0.855,157,0.503,270,0.333,0.501,0.552,12,4.3,7.5,5.3,22.7,1.11,0.39,1.98,7.8,112.7,105.9
Trey Lyles,Sac,F,27.25,45,15.9,33.1,18.2,11.8,68,0.794,99,0.606,139,0.36,0.567,0.605,7.2,3.7,13.2,0.8,7,0.36,0.51,0.8,7,117.3,108.8
Theo Maledon,Cha,G,21.65,36,16.1,33.6,15.5,16.2,56,0.875,94,0.468,63,0.333,0.481,0.551,5.6,2.4,7.8,2.4,19.8,0.75,0.17,0.97,7.9,110.7,112.4
Sandro Mamukelashvili,Mil,F-C,23.71,20,8.5,17.8,14.1,10.5,12,0.583,21,0.476,25,0.24,0.413,0.439,2.3,2.2,13.4,0.7,10.7,0.1,0.15,0.3,7.2,103.6,105.2
Terance Mann,Lac,G-F,26.3,55,22.9,47.8,15.3,12,79,0.772,225,0.582,130,0.369,0.572,0.599,8.5,3.6,8.7,2.1,13.3,0.56,0.29,0.96,7,120.2,109
Tre Mann,Okc,G,22.01,47,18.7,38.9,20.6,10.4,35,0.686,172,0.494,200,0.305,0.474,0.487,8,2.4,6.8,1.6,11.7,0.68,0.19,0.96,6.7,98.8,109
Boban Marjanovic,Hou,C,34.48,17,4.2,8.8,21.3,10.8,14,0.786,26,0.692,1,0,0.667,0.709,2.8,1.5,19.6,0.2,9.6,0.06,0.06,0.24,9,136.4,116
Lauri Markkanen,Uta,F-C,25.71,49,34.3,71.5,25.1,8.8,286,0.874,432,0.593,358,0.427,0.615,0.667,24.9,8.7,13.9,1.7,8,0.63,0.61,1.8,8.4,129.6,111.8
Naji Marshall,Nor,F,25.03,49,25.1,52.3,17.9,12.3,123,0.789,243,0.494,158,0.316,0.486,0.535,9.9,3.7,8.3,2.6,14,0.78,0.22,1.31,7.3,109,110.1
Kenyon Martin Jr.,Hou,F,22.08,53,25.7,53.5,16.4,10.7,123,0.626,285,0.677,144,0.326,0.614,0.625,11.4,5.5,11.6,1.5,9,0.42,0.34,1.09,7.1,122.9,114.1
Caleb Martin,Mia,F,27.36,44,30.5,63.6,14.6,11.5,62,0.774,205,0.527,162,0.377,0.544,0.567,10.2,5,9.3,1.7,7.9,0.98,0.39,1.16,5.8,112.2,107
Cody Martin,Cha,F,27.36,7,19.1,39.8,12.8,4.9,7,0.571,22,0.5,14,0.214,0.431,0.448,5,3.4,9.5,1.6,10.9,0.57,0.14,0.29,6.3,108.5,110.1
Tyrese Martin,Atl,G,23.92,12,3.6,7.6,17.3,5.6,2,1,11,0.455,5,0.2,0.406,0.444,1.3,0.5,7.4,0,0,0.08,0,0.08,0,N/A,N/A
Garrison Mathews,Hou,G,26.28,45,13.4,27.8,14.3,8.7,45,0.911,15,0.467,155,0.342,0.509,0.564,4.8,1.4,5.6,0.5,5.3,0.51,0.09,0.4,4.5,116.7,112.1
Bennedict Mathurin,Ind,G-F,20.63,54,28.4,59.2,25.7,10.7,339,0.823,453,0.481,241,0.324,0.483,0.563,17.6,4.2,8.1,1.4,7.4,0.59,0.09,1.87,6.6,109.4,113.8
Wesley Matthews,Mil,G,36.31,34,15.1,31.5,10.2,11.2,18,0.833,20,0.35,83,0.337,0.476,0.509,3.3,2.1,7.2,0.6,4.7,0.47,0.24,0.41,4.3,109.9,106
Tyrese Maxey,Phi,G,22.25,32,33.4,69.6,25.8,7.9,132,0.803,318,0.491,198,0.394,0.529,0.568,20.4,2.8,5,3.8,18.3,0.84,0.16,1.53,7.2,114,111.4
Miles McBride,Nyk,G,22.41,42,13,27.1,14.1,10.5,24,0.667,55,0.455,96,0.281,0.434,0.455,3.5,0.9,3.5,1.2,12.4,0.62,0.05,0.45,4.8,101.7,111.3
CJ McCollum,Nor,G,31.38,48,35.3,73.6,26.8,11.9,148,0.797,524,0.466,356,0.388,0.513,0.54,21.3,4.4,7,5.9,25.7,1,0.6,2.67,9.3,108.7,111.8
T.J. McConnell,Ind,G,30.87,51,19.5,40.6,18,21,41,0.902,289,0.533,32,0.438,0.545,0.571,7.6,2.8,8,5.1,37.8,1.1,0.1,1.76,9.8,114.7,112.6
Jaden McDaniels,Min,F,22.35,52,30.9,64.4,15,13.5,85,0.741,284,0.595,167,0.377,0.584,0.604,11.3,3.8,7,2,8.6,0.98,1.04,1.46,5.7,114.8,107.2
Jalen McDaniels,Cha,F-C,25.01,54,26.9,56,17.2,12.8,102,0.843,283,0.537,196,0.327,0.518,0.555,10.8,4.9,9.6,2,10.3,1.13,0.52,1.43,7,107.4,107.5
Doug McDermott,San,F,31.09,47,20.4,42.5,18.9,10.3,48,0.75,167,0.533,204,0.412,0.58,0.594,9.9,2.2,6.1,1.4,9.6,0.19,0.13,0.96,6.1,112.8,117.7
JaVale McGee,Dal,C-F,35.05,30,7.9,16.5,23.6,22.7,26,0.538,80,0.65,4,0.25,0.637,0.634,4,2.4,17.8,0.3,5.8,0.13,0.53,0.93,7.2,102.5,99.7
Bryce McGowens,Cha,G,20.24,22,13.8,28.8,12.5,9.8,20,0.85,48,0.375,26,0.346,0.426,0.483,3.6,1.6,6.3,1,8.9,0.18,0.18,0.41,5.2,104.4,116.4
Rodney McGruder,Det,G,31.52,20,10.7,22.2,13.4,10.3,11,0.727,16,0.375,40,0.375,0.509,0.534,3.3,1.4,7,0.7,9,0.25,0,0.35,5.5,112.9,116.4
Jordan McLaughlin,Min,G,26.83,18,15.9,33.2,12.5,16.7,9,1,32,0.625,34,0.235,0.485,0.522,4.1,1.7,5.9,3.6,28.9,0.83,0.11,0.78,7.4,119.3,116
De'Anthony Melton,Phi,G,24.69,48,28.8,59.9,17.3,13.1,47,0.787,176,0.46,273,0.399,0.545,0.56,11,4.4,9,2.8,13.8,1.85,0.56,1.48,7.1,110.2,105.1
Chimezie Metu,Sac,F-C,25.88,38,10.8,22.5,18.1,13.2,31,0.806,108,0.676,29,0.241,0.609,0.637,5.1,3.1,16.5,0.6,8.4,0.29,0.21,0.61,7.8,120.6,102.1
Khris Middleton,Mil,F,31.49,14,21,43.6,28.5,15,40,0.925,82,0.488,70,0.3,0.47,0.531,12.9,3.3,8.1,3.9,28.8,0.71,0.14,2.14,10.5,106.8,103.5
Patty Mills,Bro,G,34.49,32,13.4,27.9,19.2,9.8,21,0.905,55,0.545,102,0.392,0.573,0.599,6.2,1,4.1,1.3,13.8,0.38,0.03,0.56,6,116.3,116.5
Shake Milton,Phi,G-F,26.36,47,22.6,47.2,19.2,14.5,82,0.841,257,0.545,101,0.386,0.554,0.591,9.9,2.9,7.5,3.2,21.2,0.36,0.17,1.43,8,115.6,109.4
Josh Minott,Min,F,20.2,7,2.3,4.9,17.6,0,4,1,4,0.75,1,0,0.6,0.74,1.4,0.7,17.1,0.3,17.5,0.14,0.29,0,11.6,N/A,N/A
Davion Mitchell,Sac,G,24.42,50,18.1,37.8,14.4,14.1,20,0.75,137,0.555,117,0.333,0.53,0.54,5.7,1.4,4.5,2.1,14.9,0.5,0.22,0.86,5.7,107.1,110.6
Donovan Mitchell,Cle,G,26.41,44,35.5,74,31.3,11.1,239,0.866,456,0.55,411,0.392,0.568,0.613,27.1,3.9,6.4,4.8,23.6,1.52,0.36,2.75,9,118.5,106.4
Evan Mobley,Cle,C,21.64,52,34.2,71.3,19.7,13.9,187,0.69,531,0.593,62,0.194,0.562,0.589,15.3,9,15.5,2.7,12.1,0.71,1.37,2.1,8.4,115.4,103.4
Isaiah Mobley,Cle,F,23.37,8,3.3,6.8,13.7,0,0,0,6,0.5,2,0.5,0.563,0.563,1.1,1.4,24.9,0,0,0.13,0,0,0,N/A,N/A
Chima Moneke,Sac,F,27.12,2,4,8.2,26.4,41,2,0,2,0.5,0,0,0.5,0.347,1,1,14.5,0.5,16.5,0,0,1,7.9,73.2,95.6
Malik Monk,Sac,G,25,50,22.6,47,26,14.4,126,0.905,277,0.545,255,0.325,0.518,0.566,13.3,2.6,6.5,3.9,25.4,0.66,0.24,1.98,9.1,110.7,110.6
Moses Moody,Gol,G,20.69,40,14.8,30.9,14.2,13.4,37,0.703,58,0.586,100,0.36,0.557,0.58,5.1,1.7,6.4,0.9,8.2,0.33,0.13,0.68,5.4,110.5,114.4
Wendell Moore Jr.,Min,G,21.38,20,5.6,11.6,15.4,17.4,5,0.8,18,0.611,13,0.154,0.452,0.482,1.6,0.7,7.1,0.5,11.8,0.25,0.2,0.35,5.9,93.3,106.3
Ja Morant,Mem,G,23.49,44,32.6,68,35,12.7,372,0.753,684,0.513,228,0.32,0.505,0.558,27.3,5.9,9.4,8.3,42,1,0.3,3.55,13.5,115.5,108.9
Marcus Morris Sr.,Lac,F,33.43,48,29.1,60.7,19,7.1,80,0.788,273,0.491,256,0.383,0.531,0.554,13,4.5,8.5,1.8,9.5,0.65,0.42,0.9,6.5,111.7,108.7
Markieff Morris,Bro,F,33.43,27,10.6,22,15.7,13.9,10,1,33,0.394,49,0.408,0.524,0.556,3.6,2.2,11.8,0.9,11.3,0.3,0.19,0.52,7.3,111.3,105
Monte Morris,Was,G,27.61,45,28.4,59.2,15.2,9.6,63,0.794,224,0.531,154,0.396,0.557,0.58,10.5,3.3,6.4,5.4,26,0.73,0.18,0.96,8.1,125.5,113.4
Trey Murphy III,Nor,F,22.63,51,29.2,60.9,15.5,7,97,0.928,186,0.618,278,0.392,0.6,0.638,12.7,3.7,7.1,1.3,6.1,1.04,0.51,0.75,5.4,126.8,109.6
Dejounte Murray,Atl,G,26.38,49,36.5,76,25.2,10.5,129,0.837,617,0.506,279,0.366,0.519,0.545,21.2,5.4,8.1,6.2,25.2,1.63,0.35,2.29,9.8,111.4,113.8
Jamal Murray,Den,G,25.95,45,32.5,67.8,26.2,10.6,168,0.833,445,0.501,273,0.396,0.536,0.575,20.2,4.1,7.4,5.8,26,0.96,0.2,2.09,9.6,117.7,114.5
Keegan Murray,Sac,F,22.46,49,29.6,61.7,16,8.1,61,0.787,180,0.489,292,0.411,0.568,0.585,11.9,4.6,8.8,1,4.4,0.71,0.53,0.9,5.1,114.6,110.5
Mike Muscala,Okc,F-C,31.6,41,14.4,30,15.7,6.3,39,0.795,57,0.544,133,0.391,0.574,0.601,6.1,3.1,11.5,0.8,7.4,0.24,0.44,0.34,6.9,124.4,104.6
Svi Mykhailiuk,Nyk,G-F,25.66,13,3.1,6.4,17.3,12.3,5,0.6,2,0,10,0.6,0.75,0.739,1.6,0.5,9.4,0.1,3.6,0.08,0,0.15,5.6,N/A,N/A
Larry Nance Jr.,Nor,F-C,30.1,44,22.7,47.3,12.7,11.6,58,0.707,205,0.659,35,0.371,0.644,0.659,8,6,14.8,1.9,11.6,0.93,0.7,0.8,7.9,133.1,103.7
Andrew Nembhard,Ind,G-F,23.06,47,27.4,57.1,15.1,18,27,0.889,198,0.5,173,0.341,0.505,0.521,8.5,2.9,5.8,4.1,20.3,1.04,0.19,1.79,6.8,103.8,110.6
Aaron Nesmith,Ind,G-F,23.31,47,24,50.1,16.9,9.8,86,0.872,178,0.483,197,0.36,0.513,0.557,9.8,3.7,8.5,1.2,6.9,0.81,0.45,0.96,5.9,110.2,105.1
Raul Neto,Cle,G,30.72,34,10.1,21,11.6,12.4,20,0.9,39,0.692,30,0.333,0.609,0.656,3,0.9,5.3,1.4,18.3,0.35,0.09,0.32,6.2,134.3,105.9
Georges Niang,Phi,F,29.64,49,20,41.8,17.8,9.4,28,0.893,79,0.57,266,0.421,0.617,0.631,9.2,2.5,7.2,1.2,8.9,0.41,0.22,0.76,6,117.6,107.1
Daishen Nix,Hou,G,20.98,40,15.5,32.4,14.1,26.8,31,0.71,50,0.4,92,0.304,0.437,0.469,3.7,1.7,6,2.6,22.1,0.63,0.15,1.43,6.6,93.4,115.4
Zeke Nnaji,Den,F-C,22.07,43,13,27.1,14.5,9.6,52,0.673,104,0.683,43,0.279,0.605,0.627,5,2.3,10.4,0.3,2.6,0.35,0.42,0.42,4.6,127.8,104.7
Nerlens Noel,Det,C-F,28.83,13,11.4,23.8,11.5,19.8,10,0.7,26,0.423,2,0.5,0.446,0.494,2.5,2.8,13.5,0.5,6.3,1,0.69,0.62,5.3,96.2,99.6
Jaylen Nowell,Min,G,23.58,55,19.6,40.9,24.8,8.8,89,0.764,337,0.534,196,0.276,0.49,0.516,10.7,2.6,7.5,2,15.6,0.67,0.07,1,7.8,104.9,110
Frank Ntilikina,Dal,G,24.53,32,11.9,24.7,14,19.7,18,0.667,40,0.525,46,0.217,0.419,0.447,2.6,1.3,6.4,1.1,13.1,0.22,0.09,0.72,5.2,88.4,107
Kendrick Nunn,Lal,G,27.51,39,13.5,28.1,23.3,10.6,21,0.81,125,0.488,126,0.325,0.488,0.503,6.7,1.4,5.6,0.9,9.3,0.28,0.08,0.79,6,95,112.4
Kendrick Nunn,Was,G,27.51,5,19.6,40.9,21.9,12.1,4,1,22,0.5,20,0.35,0.512,0.537,9.4,2.4,6.7,2,14.9,0.8,0,1.2,7.3,105.4,109.5
Jusuf Nurkic,Por,C,28.46,45,27.2,56.6,22.4,17.5,169,0.686,343,0.563,100,0.39,0.568,0.598,13.8,9.4,20.1,2.9,16.2,0.87,0.87,2.44,10.6,114,101
Jordan Nwora,Mil,F,24.41,38,15.7,32.7,17.6,13.6,43,0.86,95,0.379,102,0.392,0.487,0.53,6,3.1,10.2,1,8.7,0.32,0.18,0.89,6.8,106,108.5
Chuma Okeke,Orl,F,24.47,18,21.8,45.3,11.6,8.6,21,0.762,27,0.519,60,0.3,0.471,0.509,5.4,4.2,11,1.4,8.9,0.61,0.5,0.5,5.8,115.3,108.6
Josh Okogie,Pho,G,24.43,46,13.1,27.2,19.1,14.5,92,0.696,110,0.455,79,0.278,0.439,0.501,5,3,12.9,1.2,12.4,0.57,0.46,0.85,8,108.3,104.8
Onyeka Okongwu,Atl,F-C,22.15,52,24.4,50.7,14,12.7,105,0.743,314,0.646,5,0.2,0.641,0.667,9.4,7.4,16.5,1,5.5,0.63,1.27,1.02,6.7,132.3,102.5
Isaac Okoro,Cle,F-G,22.03,54,20.4,42.5,12.4,11.1,75,0.72,128,0.617,111,0.333,0.563,0.594,6,2.6,7.5,1,6.8,0.76,0.43,0.63,4.9,118.1,103
KZ Okpala,Sac,F-G,23.78,35,7.1,14.8,8.4,14.4,8,0.875,17,0.529,21,0.333,0.513,0.554,1.3,1,7.8,0.4,6.3,0.2,0.2,0.2,4.5,113,101.3
Victor Oladipo,Mia,G,30.76,26,28.4,59.2,19.8,14.4,57,0.754,135,0.504,125,0.296,0.475,0.509,11.2,3.5,7,3.9,20.3,1.65,0.23,1.85,7.5,102.3,104
Kelly Olynyk,Uta,F-C,31.8,42,28.1,58.5,17.1,19.8,125,0.832,184,0.554,146,0.404,0.577,0.63,11.5,5,9.7,3.3,15.8,1.02,0.62,2.26,8.2,116.1,104.1
Eugene Omoruyi,Okc,F,25.98,20,12.4,25.8,18.2,12.9,21,0.619,56,0.589,29,0.276,0.529,0.546,5.2,2.3,9.9,0.6,6.1,0.65,0,0.7,6.2,107.7,99.1
Royce O'Neale,Bro,F,29.67,49,34.3,71.5,13.4,16.4,42,0.714,129,0.395,275,0.4,0.535,0.547,9.4,5,8.2,4,14.6,0.88,0.78,1.69,6.7,108,109.2
Cedi Osman,Cle,F,27.83,52,21.3,44.4,18,8.7,79,0.671,165,0.624,207,0.362,0.579,0.595,9.3,2.2,6,1.5,10.2,0.52,0.12,0.75,5.9,116,106.7
Kelly Oubre Jr.,Cha,F-G,27.16,35,32.6,67.9,26.6,6,140,0.714,364,0.503,260,0.308,0.486,0.515,20.2,5.1,8.3,1.2,5.8,1.57,0.37,1.26,6.1,104.8,109.9
Chris Paul,Pho,G,37.75,34,31.8,66.2,19.2,14.2,107,0.822,221,0.466,149,0.389,0.514,0.561,13.8,4.4,7.6,8.6,38.4,1.35,0.41,2.03,10.1,121.7,108.5
Cameron Payne,Pho,G,28.5,28,24,49.9,24.5,14.3,49,0.776,181,0.436,127,0.378,0.49,0.516,12.1,2.3,5.3,5.3,33,0.89,0.18,1.96,8.8,107.1,108.9
Gary Payton II,Por,G,30.18,13,16.7,34.9,9.2,21.8,2,1,21,0.571,14,0.571,0.686,0.697,3.8,2.7,9.3,1.6,12.8,1,0.08,0.77,6.1,128.6,105
Theo Pinson,Dal,G-F,27.25,25,5.5,11.5,14.2,11.6,9,0.889,10,0.3,24,0.375,0.485,0.54,1.6,1.2,12.4,0.5,13.2,0.08,0,0.2,7.2,114.1,110.8
Scotty Pippen Jr.,Lal,G,22.24,6,5.3,10.9,24.1,11.1,9,0.556,9,0.333,3,0.333,0.375,0.439,2.3,0.7,6.8,0.3,8.3,0.33,0.17,0.33,5.9,92.6,107.8
Mason Plumlee,Cha,F-C,32.92,54,28.4,59.2,15.6,14.5,249,0.614,381,0.672,0,0,0.672,0.678,12.3,9.7,18.1,3.7,18.6,0.63,0.63,1.54,10.7,134.6,107.2
Jakob Poeltl,San,C,27.31,44,25.9,54,18.6,17.8,122,0.59,366,0.626,0,0,0.626,0.631,12,9.1,19.6,3,16.8,0.77,1.14,2.07,10.6,120.2,111.2
Aleksej Pokusevski,Okc,C,21.11,31,21.9,45.5,18.4,13.7,33,0.636,142,0.486,101,0.376,0.519,0.53,8.8,5.1,12.3,2,12.4,0.65,1.32,1.32,8.2,107.3,107.7
Jordan Poole,Gol,G,23.63,53,30.5,63.5,29.4,15.8,252,0.861,430,0.542,414,0.324,0.514,0.568,20.5,2.8,5,4.3,21.6,0.87,0.23,3.38,8.2,105.2,111.1
Kevin Porter Jr.,Hou,G-F,22.76,40,34,70.8,25.5,17,184,0.766,361,0.501,254,0.346,0.509,0.551,19.2,5.5,8.7,5.6,26.3,1.33,0.4,3.58,9.9,108.1,112.5
Michael Porter Jr.,Den,F,24.61,36,28.9,60.2,21.7,7.5,64,0.781,209,0.56,245,0.416,0.595,0.612,16.4,5.5,11,1.1,5.2,0.69,0.47,1.08,6.4,117,109
Otto Porter Jr.,Tor,F,29.68,8,18.3,38.1,10.9,10.7,8,1,13,0.692,17,0.353,0.6,0.656,5.5,2.4,7.3,1,7.3,1.38,0,0.5,5.2,132.5,112.5
Bobby Portis,Mil,F,27.99,47,26.8,55.7,21.8,9,70,0.829,393,0.567,170,0.341,0.551,0.571,14.4,10.1,19.5,1.8,10.6,0.47,0.23,1.26,9.5,117.8,104.2
Kristaps Porzingis,Was,F-C,27.51,44,32.6,68,27.5,10.6,314,0.834,440,0.536,238,0.361,0.538,0.608,22.5,8.7,14.6,2.5,11.9,0.93,1.57,2.2,9.7,118.9,105.3
Micah Potter,Uta,F,24.84,3,4.8,10,5.8,0,0,0,2,1,0,0,1,1,1.3,1,11.4,0.7,18.9,0,0,0,8.1,212.9,106.1
Dwight Powell,Dal,F-C,31.55,49,19.5,40.7,12.4,15.8,116,0.716,165,0.727,3,0,0.714,0.737,6.6,4,12,0.7,5.6,0.67,0.43,0.84,5.4,142.4,102.6
Norman Powell,Lac,G,29.7,46,25.7,53.6,25.8,10.9,206,0.791,310,0.529,221,0.425,0.574,0.622,16.8,3,6.5,1.7,10.8,0.74,0.35,1.65,6.9,116.3,108.9
Jason Preston,Lac,G,23.49,12,9.8,20.4,18.5,18,2,0,22,0.545,18,0.278,0.488,0.477,3.3,1.8,10.3,2.3,33.5,0.17,0,0.75,9.8,103,109.9
Joshua Primo,San,G,20.12,4,23.4,48.6,18.2,26.9,9,0.778,14,0.429,12,0.25,0.404,0.467,7,3.3,7.8,4.5,24,0.25,0.5,2.75,8,90.7,116.7
Taurean Prince,Min,F,28.88,31,21,43.7,16.2,14.6,33,0.818,91,0.593,105,0.41,0.605,0.627,8.5,2.4,6.3,1.4,8.8,0.42,0.32,1.16,5.8,111.8,107.4
Payton Pritchard,Bos,G,25.02,37,12.6,26.3,18.8,13.4,12,0.667,66,0.515,103,0.33,0.503,0.511,4.8,1.6,6.8,1.1,12,0.32,0.03,0.73,6.5,101.8,110.4
Trevelin Queen,Ind,G,25.95,7,10,20.8,22.8,18.3,5,1,14,0.357,15,0.133,0.276,0.337,3,2.4,13.3,0.9,11.4,0.29,0.71,1,7.5,78.6,114.2
Neemias Queta,Sac,C,23.57,4,6.1,12.8,17.3,10.1,2,0,8,0.75,0,0,0.75,0.676,3,2.3,21,0.3,6.3,0,0.25,0.25,8.4,133.4,87.2
Immanuel Quickley,Nyk,G,23.64,53,27.8,57.8,19.2,9.2,134,0.843,284,0.507,256,0.348,0.514,0.558,12.6,4.1,7.9,3.2,16.9,0.85,0.11,1.15,7.9,118.5,109.6
Julius Randle,Nyk,F-C,28.19,54,35.9,74.9,28.7,11.9,391,0.749,555,0.55,423,0.34,0.533,0.58,24.7,10.9,16.2,4.1,18.8,0.72,0.31,2.87,11.5,116.9,105
Austin Reaves,Lal,G,24.69,36,28.9,60.1,14.2,14,106,0.896,130,0.608,125,0.36,0.575,0.643,10.8,3.1,5.7,2.2,10,0.56,0.39,1.36,5.8,121.1,113.6
Cam Reddish,Nyk,F-G,23.43,20,21.9,45.6,16.1,9.1,33,0.879,80,0.55,56,0.304,0.511,0.558,8.4,1.6,3.8,1,6.5,0.75,0.4,0.75,4.3,113,111.8
Davon Reed,Den,G,27.66,33,8.5,17.8,14.4,17,18,0.722,29,0.276,41,0.366,0.436,0.475,2.2,1.5,9.9,0.5,6.8,0.27,0.12,0.48,5.6,93.2,106
Paul Reed,Phi,F,23.65,39,9.4,19.6,15.1,18.4,20,0.75,89,0.596,4,0,0.57,0.594,3.1,3.3,20.3,0.4,5.5,0.64,0.59,0.59,6.8,119.2,89.8
Naz Reid,Min,C-F,23.45,47,18,37.6,23.2,13,80,0.663,228,0.662,137,0.321,0.595,0.608,10.4,4.9,15.1,1,8.2,0.62,0.94,1.28,8.2,112,100.9
Jared Rhoden,Det,G,20,1,12,25,10.6,0,0,0,2,0.5,1,0,0.333,0.333,2,1,4.6,0,0,0,0,0,0,72.2,98.5
Nick Richards,Cha,C,25.19,41,17,35.4,17,12,110,0.727,202,0.624,0,0,0.624,0.663,8.1,5.6,17.4,0.5,4.7,0.22,0.88,0.83,6.7,131.3,105.4
Josh Richardson,San,G,29.39,40,23.4,48.7,20.5,13,56,0.875,182,0.533,195,0.364,0.54,0.568,11.4,2.8,6.7,3.3,19.5,0.88,0.2,1.5,8.1,112.7,117.4
Austin Rivers,Min,G,30.51,43,21.1,44,10.3,10,33,0.848,77,0.584,106,0.368,0.566,0.595,5.5,1.8,4.8,1.6,9.5,0.6,0.07,0.51,4.8,118.5,111.3
Duncan Robinson,Mia,F,28.79,28,17.9,37.3,17.8,9.4,22,0.909,35,0.514,139,0.331,0.5,0.528,6.9,1.9,6.2,1.2,9.6,0.29,0,0.68,5.6,105.1,104.1
Jeremiah Robinson-Earl,Okc,F,22.26,26,21.1,43.9,15.4,7.9,28,0.786,98,0.571,76,0.382,0.572,0.593,8.5,5,12.5,1,6.2,0.73,0.42,0.62,6.6,125.2,107.7
Mitchell Robinson,Nyk,C-F,24.85,38,26.8,55.9,9.5,7.9,77,0.506,175,0.674,0,0,0.674,0.658,7.2,8.9,17.8,1,5,0.89,1.79,0.47,6,147.2,104
Orlando Robinson,Mia,C,20,24,14.4,30,13.1,12.6,27,0.741,73,0.562,5,0,0.526,0.567,4.3,4.2,16.8,0.8,7.9,0.5,0.46,0.54,6.8,121.8,98.6
Isaiah Roby,San,F,25.01,37,10.5,21.9,17.6,12.7,36,0.444,77,0.532,51,0.333,0.52,0.518,4,2.4,12.8,0.9,11.6,0.38,0.16,0.57,7.8,103.7,111.6
David Roddy,Mem,F,21.86,44,17.9,37.4,16.6,12.7,47,0.617,129,0.543,131,0.282,0.483,0.499,6.4,2.7,8,0.7,4.8,0.5,0.27,0.93,5.1,97.9,106.7
Ryan Rollins,Gol,G,20.6,12,5.2,10.8,26.1,41.4,6,1,11,0.364,9,0.333,0.425,0.508,1.9,1,10.6,0.5,12.6,0.08,0.08,1.33,7.6,70.1,101.7
Derrick Rose,Nyk,G,34.34,26,12.9,26.9,23.2,12.1,12,0.917,95,0.442,60,0.317,0.455,0.474,5.8,1.5,6.4,1.8,20.6,0.27,0.19,0.85,7.8,100.8,113.5
Terrence Ross,Orl,G-F,32,42,22.5,46.8,15.8,10.7,20,0.75,139,0.489,160,0.381,0.533,0.543,8,2,5.1,1.3,8.2,0.6,0.19,0.88,4.9,104.4,113.7
Terry Rozier,Cha,G,28.89,44,35.7,74.5,27.1,9.7,149,0.832,499,0.473,360,0.333,0.484,0.517,21.7,4.4,6.5,4.9,21.7,1.05,0.23,2.25,8.7,106.2,115.9
Ricky Rubio,Cle,G,32.29,10,15.9,33.1,19.2,10.2,10,0.6,23,0.304,34,0.353,0.439,0.456,5.6,2.6,9.6,3.3,28.7,0.8,0.1,0.7,9.1,107,101.4
D'Angelo Russell,Min,G,26.95,52,33.3,69.3,22.9,15.6,163,0.859,341,0.543,369,0.388,0.563,0.601,18.1,3.1,5.3,6.2,26.9,1.12,0.4,2.77,8.4,115,112.5
Matt Ryan,Lal,F,25.81,12,10.8,22.4,17.7,5.5,5,0.8,14,0.143,35,0.371,0.439,0.459,3.9,1.2,5.8,0.3,4,0.17,0,0.25,4.1,94.3,108.4
Matt Ryan,Min,F,25.81,17,7.9,16.4,15.6,6.2,4,1,8,0.5,36,0.389,0.568,0.59,3.2,0.5,3.8,0.4,6,0.18,0.06,0.18,4.4,116.6,113.8
Domantas Sabonis,Sac,F-C,26.76,49,34.6,72.1,21,17.5,276,0.746,507,0.641,59,0.356,0.63,0.668,18.8,12.4,20.5,7,29.4,0.78,0.51,2.98,13.6,131.1,103.2
Dario Saric,Pho,F,28.83,36,14.7,30.6,18.7,15.6,44,0.818,107,0.458,69,0.391,0.509,0.55,6,3.9,14.8,1.6,15.1,0.36,0.14,1,9.1,110.8,101.4
Jordan Schakel,Was,G,24.65,2,3.1,6.5,14,0,0,0,1,0,1,1,0.75,0.75,1.5,0,0,0.5,22.9,0.5,0,0,0,N/A,N/A
Admiral Schofield,Orl,F,25.86,27,13,27,13.1,5.6,19,0.895,38,0.684,54,0.333,0.576,0.613,4.6,1.9,8.4,0.9,9.3,0.22,0.11,0.22,6.1,132.2,103.9
Dennis Schroder,Lal,G,29.39,40,30.9,64.3,17.3,12.8,140,0.879,240,0.446,140,0.35,0.475,0.548,12.1,2.7,4.7,4.1,17.3,0.78,0.13,1.63,6.6,110.7,111.9
Dereon Seabron,Nor,G,22.7,4,2,4.1,21.7,0,0,0,4,0.5,0,0,0.5,0.5,1,0.3,7.2,0,0,0,0,0,0,N/A,N/A
Alperen Sengun,Hou,C,20.54,48,28,58.3,22,16.6,197,0.736,476,0.59,32,0.313,0.583,0.62,15.4,8.8,17.1,3.5,20.7,0.85,1.04,2.46,11.1,120.3,106
Collin Sexton,Uta,G,24.09,41,23.7,49.4,23.6,13.4,166,0.831,297,0.532,103,0.417,0.556,0.616,14.2,2.2,5.1,2.7,17.1,0.56,0.1,1.78,7.4,119.3,111.7
Landry Shamet,Pho,G,25.9,30,21.4,44.6,19.4,9.9,45,0.911,80,0.388,163,0.374,0.504,0.544,9.5,1.7,4.4,2.2,14.6,0.6,0.17,0.97,6.1,111.2,111.5
Day'Ron Sharpe,Bro,F,21.25,27,9.8,20.4,18.8,19.8,23,0.652,74,0.5,5,0.8,0.544,0.567,3.7,3.6,20.7,0.7,9.8,0.19,0.56,0.81,8.6,115.4,95.5
Shaedon Sharpe,Por,G,19.69,52,19.8,41.2,16.7,8.9,44,0.636,199,0.563,139,0.345,0.544,0.554,7.6,2.4,7.1,0.5,3.7,0.33,0.21,0.67,4.2,108.6,112.3
Pascal Siakam,Tor,F,28.85,44,37.7,78.5,28,10.5,334,0.766,651,0.513,178,0.315,0.504,0.559,24.8,8,12,6.2,26.6,0.75,0.57,2.59,11.4,117.4,109.1
Ben Simmons,Bro,G-F,26.55,37,27.3,56.8,14.7,26.5,56,0.446,218,0.569,1,0,0.566,0.56,7.4,6.5,13.6,6.4,30.8,1.43,0.54,2.38,9.9,112.2,101
Marko Simonovic,Chi,C,23.31,2,1.4,2.9,15.6,0,0,0,0,0,1,0,0,0,0,0,0,0,0,0,0,0,0,N/A,N/A
Anfernee Simons,Por,G,23.66,51,35.8,74.6,25.2,10.6,147,0.905,390,0.541,487,0.388,0.564,0.596,22,2.7,4.4,4.1,18.2,0.67,0.24,2.2,7,115.9,114.4
Jericho Sims,Nyk,C,24.3,41,15.1,31.4,7.6,17.2,10,0.8,87,0.805,0,0,0.805,0.81,3.6,4.6,16.3,0.5,4.4,0.27,0.63,0.46,5.4,150.8,103.6
Marcus Smart,Bos,G,28.92,41,32.5,67.6,17,18.7,73,0.767,170,0.535,219,0.333,0.515,0.543,11.1,3.4,5.8,7.2,30.1,1.29,0.41,2.37,8,113.5,106.8
Dennis Smith Jr.,Cha,G,25.2,32,25,52,16.7,14.7,41,0.756,197,0.467,58,0.207,0.431,0.46,7.8,2.8,5.9,4.5,24.9,1.34,0.41,1.47,7.4,100.4,110.1
Jabari Smith Jr.,Hou,F,19.74,50,29.6,61.7,18.5,11,118,0.78,272,0.471,265,0.306,0.465,0.502,11.8,6.9,12.7,1.1,5.3,0.52,0.96,1.46,6,102.1,109.2
Dru Smith,Mia,G,25.1,5,13.4,27.9,9.9,6.7,0,0,8,0.5,6,0.167,0.393,0.393,2.2,1.8,7.7,1,10.1,0.8,0.6,0.2,4.7,94.2,96.1
Ish Smith,Den,G,34.59,24,7.9,16.5,19.4,25.9,2,0.5,56,0.429,6,0.333,0.435,0.437,2.3,0.8,5.5,1.5,25.2,0.25,0.25,0.92,7.1,85.3,111
Jalen Smith,Ind,F-C,22.89,47,19.1,39.8,21.4,12.1,98,0.765,217,0.585,146,0.281,0.519,0.556,9.6,5.8,16.6,1,8,0.36,0.81,1.19,8,110.3,105.4
Jeremy Sochan,San,F,19.72,45,25.8,53.8,18.2,15.1,84,0.679,299,0.518,97,0.268,0.49,0.514,9.9,4.8,10.5,2.5,13,0.76,0.42,1.71,7.6,103.4,113.8
Jaden Springer,Phi,G,20.37,7,3.7,7.8,24.9,6.8,4,0.75,12,0.583,0,0,0.583,0.618,2.4,1,15.7,0.1,6.6,0.29,0.29,0.14,6.7,N/A,N/A
Lamar Stevens,Cle,F,25.58,37,19.2,40,13.5,8.9,36,0.694,121,0.521,58,0.31,0.503,0.526,5.5,3.3,10.1,0.6,4.1,0.35,0.38,0.51,4.6,106.9,106.3
Isaiah Stewart,Det,F-C,21.71,43,28.3,58.9,17.2,11.9,128,0.742,210,0.543,170,0.324,0.517,0.559,11.3,8.1,15.8,1.3,7,0.44,0.67,1.37,7,114.1,110.8
Max Strus,Mia,G-F,26.86,52,29.8,62.1,18.2,7.8,65,0.892,173,0.543,391,0.343,0.523,0.547,12.5,3.6,6.9,2.1,10.6,0.67,0.17,0.96,6.1,110.8,108.6
Jalen Suggs,Orl,G,21.68,29,22.6,47,20.6,17.9,67,0.687,119,0.521,108,0.296,0.485,0.519,9.2,2.8,7,3.7,24,1.31,0.41,1.93,8.1,103.8,106.1
Edmond Sumner,Bro,G,27.1,44,14.1,29.4,21.9,13.5,88,0.92,149,0.523,76,0.329,0.513,0.592,7.1,1.5,6.1,1.4,13.6,0.64,0.18,0.93,7,112.4,106.5
Cole Swider,Lal,F,23.75,5,7.3,15.3,10.3,0,0,0,1,0,8,0.375,0.5,0.5,1.8,1.4,10.2,0.8,13.5,0,0,0,6.9,123.9,110.2
Jae'Sean Tate,Hou,F,27.28,15,20.4,42.5,17.9,18.9,24,0.708,77,0.468,20,0.3,0.464,0.497,7.1,3.9,10.5,2.9,20.3,0.67,0.13,1.67,8.5,103.6,103.5
Jayson Tatum,Bos,F-G,24.93,50,37.3,77.7,32.9,10,433,0.871,608,0.548,470,0.355,0.541,0.609,30.9,8.7,12.8,4.4,20.1,1.06,0.74,2.82,11.3,119.2,106.9
Terry Taylor,Ind,G,23.37,25,8.9,18.6,14.2,11.8,7,0.714,46,0.543,18,0.222,0.484,0.499,2.7,1.6,9.6,0.4,5.6,0.12,0.2,0.36,5.4,107,111.8
Garrett Temple,Nor,G-F,36.75,12,8.1,16.9,14.7,8.9,4,0.75,12,0.5,17,0.471,0.621,0.634,3.3,0.8,5.8,0.7,11.3,0.58,0.08,0.25,6.1,125.3,103
Dalen Terry,Chi,F,20.57,19,3.2,6.6,15.8,18.4,4,0.75,12,0.417,4,0.25,0.406,0.45,0.8,0.4,6.5,0.4,14.8,0.05,0.11,0.21,6.3,N/A,N/A
Daniel Theis,Ind,F-C,30.84,2,11.3,23.5,16.4,22.5,2,0.5,3,0.667,3,0.333,0.583,0.581,4,2,9.7,0.5,6.1,0,0,1,5.6,89.8,106
Cam Thomas,Bro,G,21.32,35,14.5,30.3,25.3,10.4,83,0.795,167,0.485,55,0.4,0.514,0.569,8.4,1.4,5.6,1.4,13.7,0.37,0.11,0.86,7,109.6,113.9
Klay Thompson,Gol,G,32.99,41,32.6,67.9,26.4,8.2,84,0.905,318,0.447,419,0.391,0.526,0.55,20.8,4,6.7,2.4,11.2,0.63,0.39,1.68,7.2,106.5,113.5
JT Thor,Cha,F,20.45,41,11,22.9,12.8,13.8,23,0.739,52,0.519,57,0.246,0.44,0.474,2.8,1.7,8.3,0.4,4.9,0.24,0.24,0.46,4.5,96.3,113.2
Matisse Thybulle,Phi,G-F,25.93,47,12.1,25.3,9.6,5.6,12,0.75,51,0.569,61,0.328,0.527,0.541,2.7,1.2,6,0.5,5.3,0.91,0.3,0.15,3.9,116.9,103.3
Xavier Tillman,Mem,F,24.07,33,13.4,28,13.3,10.4,40,0.525,102,0.627,10,0.3,0.612,0.61,4.8,3.8,14.8,1,9.6,0.76,0.36,0.45,7.9,130.7,105
Isaiah Todd,Was,F,21.31,4,3.2,6.6,13.7,0,0,0,1,1,3,0,0.25,0.25,0.5,0,0,0,0,0,0,0,0,N/A,N/A
Obi Toppin,Nyk,F,24.93,39,15.2,31.6,18.6,8.1,23,0.826,97,0.505,130,0.377,0.54,0.557,6.8,3.2,11.4,0.9,8.4,0.36,0.15,0.54,7.1,114.1,109.2
Juan Toscano-Anderson,Lal,F,29.83,30,12.2,25.3,10.4,19,15,0.733,46,0.63,20,0.2,0.53,0.558,2.7,2,8.9,0.8,8.6,0.33,0.23,0.57,5.3,106.9,104.9
Karl-Anthony Towns,Min,C-F,27.23,21,33.8,70.3,24.9,15.7,104,0.885,186,0.618,117,0.325,0.568,0.625,20.8,8.2,13.6,5.3,23.5,0.76,0.67,3.1,11.4,118.5,104
Gary Trent Jr.,Tor,G-F,24.05,47,33.4,69.7,21.8,5.3,169,0.84,349,0.519,340,0.376,0.541,0.582,18.9,2.5,4.2,1.6,7.2,1.66,0.28,0.91,5.1,119.3,114.3
P.J. Tucker,Phi,F,37.76,49,26.1,54.3,6.2,18.4,18,0.889,58,0.414,80,0.375,0.5,0.528,3.1,4,8.9,0.8,4,0.51,0.24,0.67,3.3,112.4,107
Myles Turner,Ind,C-F,26.87,45,30,62.6,21,10.9,191,0.764,341,0.625,181,0.392,0.612,0.648,17.4,8,14.6,1.4,7.1,0.62,2.4,1.64,7.7,121,106.1
Jonas Valanciunas,Nor,C,30.75,54,24.6,51.2,24.1,14.1,162,0.827,487,0.575,90,0.344,0.566,0.607,14.6,9.7,22.2,1.7,10.6,0.28,0.5,1.96,10.1,117,100.4
Jarred Vanderbilt,Uta,F,23.84,52,24.1,50.2,14.2,16,102,0.657,254,0.606,57,0.333,0.587,0.607,8.3,7.8,17.9,2.7,15.4,1.02,0.29,1.31,9.3,125.3,104.6
Fred VanVleet,Tor,G,28.95,45,37,77.1,22.9,8.9,193,0.896,342,0.459,389,0.347,0.492,0.547,19.8,4.5,6.9,6.5,26.1,1.58,0.6,1.78,9,118.5,110.7
Devin Vassell,San,G-F,22.45,29,31.3,65.1,25,8.2,87,0.793,260,0.477,203,0.404,0.533,0.562,19.4,4,7.1,3.6,17.1,1.21,0.41,1.55,8.4,112.7,119.2
Gabe Vincent,Mia,G,26.64,40,25,52.1,18.1,14.1,46,0.87,131,0.519,202,0.322,0.497,0.525,9.3,2.3,5.2,2.6,15.1,0.9,0.08,1.45,6.1,102.4,105
Noah Vonleh,Bos,F,27.45,23,7.5,15.6,9.1,30.7,2,1,20,0.5,4,0.25,0.479,0.502,1.1,2.1,15.3,0.3,5.1,0.09,0.35,0.48,4.7,102.7,93
Nikola Vucevic,Chi,C,32.29,52,34,70.8,21.1,10.7,102,0.833,478,0.605,239,0.36,0.583,0.604,17.7,11.2,18.5,3.4,14.9,0.67,0.83,1.75,10.3,120,107.5
Dean Wade,Cle,F-C,26.21,24,22.4,46.7,10.9,8.4,21,0.619,34,0.588,77,0.403,0.599,0.607,6.1,3.6,9.4,1,5.7,0.71,0.42,0.46,5,120.9,102.2
Franz Wagner,Orl,F,21.44,52,33.2,69.2,24.2,11.5,226,0.832,521,0.545,236,0.369,0.548,0.594,19.6,4.1,7,3.5,17,0.9,0.19,2.13,7.9,115.8,112.1
Moritz Wagner,Orl,F-C,25.78,32,21.5,44.9,20.9,12.9,108,0.87,141,0.638,102,0.314,0.568,0.637,11.6,5.1,13.4,1.7,11.8,0.69,0.19,1.34,8.7,123.6,102.7
Ish Wainright,Pho,F,28.4,37,15.2,31.6,12.1,11.3,11,0.727,38,0.474,98,0.347,0.507,0.518,3.9,2.2,7.9,1,8.6,0.78,0.27,0.49,5.4,111.6,102.6
Lonnie Walker IV,Lal,G-F,24.15,37,28.1,58.6,19.3,7.1,82,0.878,219,0.53,188,0.372,0.543,0.58,13.9,2.2,4.2,1.3,6.5,0.7,0.32,0.92,4.9,112.7,113.8
Jabari Walker,Por,F,20.52,33,8.5,17.7,13.6,12.6,21,0.667,50,0.46,17,0.176,0.41,0.453,2.1,2.1,14.4,0.5,7.6,0.09,0.15,0.33,6.1,107.5,106.9
Kemba Walker,Dal,G,32.75,9,16,33.3,22.2,5.7,21,0.81,29,0.586,28,0.25,0.482,0.543,8,1.8,6.6,2.1,20.8,0.22,0.22,0.44,7.8,118.4,112.1
John Wall,Lac,G,32.42,34,22.2,46.2,27.1,17.1,113,0.681,229,0.459,109,0.303,0.457,0.498,11.4,2.7,6.7,5.2,36.5,0.79,0.35,2.35,9.8,102.2,108.5
T.J. Warren,Bro,F,29.42,24,19,39.6,20.8,7.5,29,0.793,139,0.554,45,0.333,0.541,0.564,9.3,2.9,8.6,1.2,9.2,0.63,0.29,0.67,6.7,111.4,109
Duane Washington Jr.,Pho,G,22.87,31,12.7,26.5,32.6,11.3,24,0.667,145,0.372,111,0.36,0.445,0.458,7.9,1.2,5.1,2,25.8,0.19,0.13,1.1,8.4,93.4,113.2
TyTy Washington Jr.,Hou,G,21.23,19,12,25,17.7,9.2,8,0.5,45,0.556,40,0.175,0.418,0.424,3.9,1.2,5.2,1.3,15.4,0.42,0.05,0.47,6.1,94.4,111.3
P.J. Washington,Cha,F,24.46,53,32.7,68.2,19.4,9.3,117,0.778,379,0.504,303,0.34,0.507,0.533,14.8,4.5,7.3,2.4,10.8,0.89,1.02,1.42,6.6,107.6,112.2
Yuta Watanabe,Bro,G-F,28.32,39,18.4,38.4,13.1,7.1,37,0.73,80,0.575,100,0.48,0.656,0.67,6.7,2.7,8.4,0.8,6,0.46,0.38,0.38,5.3,131.7,110.6
Lindy Waters III,Okc,F,25.53,19,11.3,23.4,14.7,6.7,7,0.714,5,0.6,62,0.371,0.56,0.571,4.2,1.6,7.5,0.8,9.1,0.32,0.32,0.26,6.2,120.1,109.3
Trendon Watford,Por,F,22.24,37,15.8,32.8,13.7,18,52,0.769,98,0.622,29,0.448,0.634,0.671,5.4,3.2,11.8,1.5,13.6,0.38,0.16,0.89,7.5,124.3,107.1
Peyton Watson,Den,G,20.4,8,2.3,4.9,27.8,8.3,0,0,10,0.4,1,0,0.364,0.364,1,0.4,9.3,0,0,0,0,0.13,0,N/A,N/A
Blake Wesley,San,G,19.89,9,10.4,21.7,20.2,22,8,0.5,23,0.478,9,0.444,0.531,0.535,4.2,0.9,4.8,1,13,0.11,0.11,1.11,6,91.7,108.9
Russell Westbrook,Lal,G,34.23,51,28.7,59.8,28.6,18.1,232,0.659,504,0.466,206,0.286,0.456,0.493,15.7,6.2,11.6,7.5,38.1,1,0.43,3.51,12.5,100.6,107.8
Coby White,Chi,G,22.97,44,21.3,44.4,17.3,9.7,42,0.786,117,0.504,199,0.372,0.538,0.558,8.5,2.6,7,1.9,12,0.75,0.09,0.82,6.5,109.5,108.8
Derrick White,Bos,G,28.6,53,26.7,55.6,16.2,10.2,112,0.857,200,0.525,224,0.375,0.545,0.59,10.5,3.2,6.6,3.4,17.7,0.72,0.91,1.02,7.3,122.4,107
Jack White,Den,F,25.51,11,3.1,6.5,12.6,10,0,0,6,0.333,3,0.333,0.389,0.389,0.6,0.6,11.8,0,0,0.09,0.18,0.09,0,N/A,N/A
Joe Wieskamp,Tor,G-F,23.46,2,8.6,17.8,14.9,16.7,0,0,1,0,4,0.75,0.9,0.9,4.5,0,0,0.5,8.6,0,0,0.5,0,140.6,125
Aaron Wiggins,Okc,G-F,24.09,41,18.4,38.4,14,13.8,42,0.81,127,0.559,73,0.384,0.565,0.595,6.3,3.3,9.4,1.4,10.2,0.46,0.17,0.85,6.7,118.4,109.4
Andrew Wiggins,Gol,F,27.95,33,31.9,66.4,21.5,8.3,66,0.591,260,0.527,205,0.395,0.556,0.563,16.8,4.9,8.4,2.2,10.1,1.21,0.82,1.36,7.1,110.9,109.3
Robert Williams III,Bos,C-F,25.31,19,23.3,48.5,11.7,15.2,20,0.7,92,0.772,0,0,0.772,0.774,8.2,8.1,19,1.7,10.4,0.47,1.32,0.95,8.3,151.7,105.6
Vince Williams Jr.,Mem,G,22.43,9,5.4,11.3,11.7,7.1,0,0,4,0.5,9,0.111,0.269,0.269,0.8,0.8,7.5,0.3,7.3,0.44,0.11,0.11,4.3,76,99.8
Alondes Williams,Bro,G,23.63,1,5.3,11,16.8,100,0,0,0,0,0,0,N/A,N/A,0,1,10.7,0,0,0,0,2,0,N/A,97.4
Grant Williams,Bos,F,24.18,52,27.5,57.3,12.6,13.7,79,0.848,134,0.56,189,0.418,0.599,0.635,8.7,4.6,9.2,1.6,7.8,0.63,0.4,1.1,5.8,121.3,105.4
Jalen Williams,Okc,G-F,21.81,48,28.8,59.9,17.1,13.2,91,0.758,324,0.58,128,0.313,0.549,0.574,11.8,4,7.4,2.9,13.7,1.06,0.54,1.56,7.2,112.3,108.7
Jaylin Williams,Okc,F,20.61,20,14.1,29.4,15,14.8,15,0.533,54,0.463,26,0.462,0.538,0.543,4.7,4.2,15.8,1.3,11.6,0.3,0.15,0.75,8.4,109.7,100.3
Kenrich Williams,Okc,G-F,28.18,44,22.2,46.3,13.1,6.8,30,0.433,165,0.6,108,0.407,0.604,0.599,7.8,5,11.9,1.9,11.6,0.75,0.27,0.48,7.6,131.3,107.8
Mark Williams,Cha,C,21.14,23,13.7,28.6,18.2,12.3,47,0.745,100,0.63,0,0,0.63,0.667,7,5.1,19.8,0.3,2.9,0.74,0.91,0.74,6.4,126.3,100.3
Zion Williamson,Nor,F,22.58,29,33,68.7,30,14.6,248,0.714,450,0.618,19,0.368,0.615,0.652,26,7,11.9,4.6,24.3,1.1,0.55,3.41,11.4,120.6,108.5
Patrick Williams,Chi,F,21.45,52,29.4,61.2,15.2,13,65,0.892,246,0.496,186,0.409,0.546,0.575,10.2,4.4,8.4,1.3,5.8,0.73,0.85,1.33,5.3,108.1,110.5
Ziaire Williams,Mem,F,21.4,26,18.2,37.9,16.5,14.6,17,0.765,76,0.605,80,0.25,0.487,0.505,6.3,2.6,7.4,0.8,6.1,0.46,0.19,1.08,5.2,95.6,104.5
Justise Winslow,Por,F-G,26.86,29,26.8,55.7,14.3,17,28,0.714,153,0.438,45,0.311,0.444,0.466,6.8,5,10.8,3.4,17,1.03,0.38,1.48,7.3,105.3,106.6
James Wiseman,Gol,C,21.85,20,12.9,26.8,19.8,11.5,38,0.684,89,0.618,2,0.5,0.621,0.645,7,3.6,15.1,0.7,8.2,0.15,0.35,0.7,8.1,122,101.3
Christian Wood,Dal,F,27.36,42,29,60.5,25.9,12.8,179,0.737,332,0.623,195,0.385,0.606,0.636,18.4,8.4,17.1,1.7,10.2,0.48,1.26,2.12,8.8,116.5,105
McKinley Wright IV,Dal,G,24.28,15,9.9,20.6,14.3,23.7,10,0.6,24,0.458,7,0.143,0.403,0.438,2.1,1.3,7.6,1.7,23.4,0.47,0.2,0.73,6.7,96,106.2
Delon Wright,Was,G,30.78,23,21.8,45.4,12.9,12.8,27,0.889,64,0.563,54,0.296,0.508,0.554,6.3,3.1,7.8,3.4,20.7,2,0.3,0.83,7.4,123.4,108.8
Thaddeus Young,Tor,F,34.63,42,16,33.3,12.9,15.8,20,0.75,136,0.64,26,0.154,0.574,0.588,4.8,3.4,11.9,1.5,13.1,1.12,0.12,0.76,7.3,121,105
Trae Young,Atl,G,24.38,47,35.5,74,33.3,14.6,410,0.883,628,0.484,312,0.321,0.483,0.567,27,2.9,4.4,9.9,41.6,0.94,0.15,4.06,10.4,114.4,116.6
Ivica Zubac,Lac,C,25.89,54,29.3,61.1,14.3,18,166,0.705,348,0.615,2,0,0.611,0.644,10.1,10.3,19.3,1,5,0.35,1.3,1.72,6.4,122.8,103.5
